SUMLEV,REGION,DIVISION,STATE,NAME,CENSUS2010POP,ESTIMATESBASE2010,POPESTIMATE2010,POPESTIMATE2011,POPESTIMATE2012,POPESTIMATE2013,POPESTIMATE2014,POPESTIMATE2015,POPESTIMATE2016,POPESTIMATE2017,POPESTIMATE2018,POPESTIMATE2019,POPESTIMATE2020,NPOPCHG_2010,NPOPCHG_2011,NPOPCHG_2012,NPOPCHG_2013,NPOPCHG_2014,NPOPCHG_2015,NPOPCHG_2016,NPOPCHG_2017,NPOPCHG_2018,NPOPCHG_2019,NPOPCHG_2020,BIRTHS2010,BIRTHS2011,BIRTHS2012,BIRTHS2013,BIRTHS2014,BIRTHS2015,BIRTHS2016,BIRTHS2017,BIRTHS2018,BIRTHS2019,BIRTHS2020,DEATHS2010,DEATHS2011,DEATHS2012,DEATHS2013,DEATHS2014,DEATHS2015,DEATHS2016,DEATHS2017,DEATHS2018,DEATHS2019,DEATHS2020,NATURALINC2010,NATURALINC2011,NATURALINC2012,NATURALINC2013,NATURALINC2014,NATURALINC2015,NATURALINC2016,NATURALINC2017,NATURALINC2018,NATURALINC2019,NATURALINC2020,INTERNATIONALMIG2010,INTERNATIONALMIG2011,INTERNATIONALMIG2012,INTERNATIONALMIG2013,INTERNATIONALMIG2014,INTERNATIONALMIG2015,INTERNATIONALMIG2016,INTERNATIONALMIG2017,INTERNATIONALMIG2018,INTERNATIONALMIG2019,INTERNATIONALMIG2020,DOMESTICMIG2010,DOMESTICMIG2011,DOMESTICMIG2012,DOMESTICMIG2013,DOMESTICMIG2014,DOMESTICMIG2015,DOMESTICMIG2016,DOMESTICMIG2017,DOMESTICMIG2018,DOMESTICMIG2019,DOMESTICMIG2020,NETMIG2010,NETMIG2011,NETMIG2012,NETMIG2013,NETMIG2014,NETMIG2015,NETMIG2016,NETMIG2017,NETMIG2018,NETMIG2019,NETMIG2020,RESIDUAL2010,RESIDUAL2011,RESIDUAL2012,RESIDUAL2013,RESIDUAL2014,RESIDUAL2015,RESIDUAL2016,RESIDUAL2017,RESIDUAL2018,RESIDUAL2019,RESIDUAL2020,RBIRTH2011,RBIRTH2012,RBIRTH2013,RBIRTH2014,RBIRTH2015,RBIRTH2016,RBIRTH2017,RBIRTH2018,RBIRTH2019,RBIRTH2020,RDEATH2011,RDEATH2012,RDEATH2013,RDEATH2014,RDEATH2015,RDEATH2016,RDEATH2017,RDEATH2018,RDEATH2019,RDEATH2020,RNATURALINC2011,RNATURALINC2012,RNATURALINC2013,RNATURALINC2014,RNATURALINC2015,RNATURALINC2016,RNATURALINC2017,RNATURALINC2018,RNATURALINC2019,RNATURALINC2020,RINTERNATIONALMIG2011,RINTERNATIONALMIG2012,RINTERNATIONALMIG2013,RINTERNATIONALMIG2014,RINTERNATIONALMIG2015,RINTERNATIONALMIG2016,RINTERNATIONALMIG2017,RINTERNATIONALMIG2018,RINTERNATIONALMIG2019,RINTERNATIONALMIG2020,RDOMESTICMIG2011,RDOMESTICMIG2012,RDOMESTICMIG2013,RDOMESTICMIG2014,RDOMESTICMIG2015,RDOMESTICMIG2016,RDOMESTICMIG2017,RDOMESTICMIG2018,RDOMESTICMIG2019,RDOMESTICMIG2020,RNETMIG2011,RNETMIG2012,RNETMIG2013,RNETMIG2014,RNETMIG2015,RNETMIG2016,RNETMIG2017,RNETMIG2018,RNETMIG2019,RNETMIG2020
010,0,0,00,United States,308745538,308758105,309327143,311583481,313877662,316059947,318386329,320738994,323071755,325122128,326838199,328329953,329484123,569038,2256338,2294181,2182285,2326382,2352665,2332761,2050373,1716071,1491754,1154170,987836,3973485,3936976,3940576,3963195,3992376,3970959,3890144,3835477,3770397,3748000,598691,2512442,2501531,2608019,2582448,2699826,2703215,2788163,2839277,2847282,3070859,389145,1461043,1435445,1332557,1380747,1292550,1267744,1101981,996200,923115,677141,179893,795295,858736,849728,945635,1060115,1065017,948392,719871,568639,477029,0,0,0,0,0,0,0,0,0,0,0,179893,795295,858736,849728,945635,1060115,1065017,948392,719871,568639,477029,0,0,0,0,0,0,0,0,0,0,0,12.798895192,12.589034648,12.511004086,12.493398259,12.493249309,12.335795903,12.003025953,11.76598281,11.509707816,11.395317117,8.0927653768,7.9989973094,8.2802454171,8.1407933112,8.4485026734,8.3975454097,8.6028673615,8.7099686359,8.6917594859,9.3365560636,4.7061298149,4.5900373383,4.2307586687,4.3526049478,4.0447466357,3.9382504935,3.4001585911,3.0560141737,2.8179483303,2.0587610533,2.5617052415,2.7459291744,2.6978163801,2.9809773838,3.3173931993,3.3084784672,2.9262602591,2.2083276242,1.7358566599,1.4503459789,0,0,0,0,0,0,0,0,0,0,2.5617052415,2.7459291744,2.6978163801,2.9809773838,3.3173931993,3.3084784672,2.9262602591,2.2083276242,1.7358566599,1.4503459789
020,1,0,00,Northeast Region,55317240,55318414,55380764,55608318,55782661,55912775,56021339,56052790,56063777,56083383,56084543,56002934,55849869,62350,227554,174343,130114,108564,31451,10987,19606,1160,-81609,-153065,163442,646239,637873,635759,632459,634489,628369,617613,614504,602339,596481,110881,470823,460924,479975,470295,489218,480500,497835,500118,506780,544339,52561,175416,176949,155784,162164,145271,147869,119778,114386,95559,52142,45932,207972,208615,194958,223151,227682,237250,217718,183354,127612,109665,-32967,-155177,-207339,-217649,-273783,-340428,-373819,-317167,-295991,-304750,-315166,12965,52795,1276,-22691,-50632,-112746,-136569,-99449,-112637,-177138,-205501,-3176,-657,-3882,-2979,-2968,-1074,-313,-723,-589,-30,294,11.645091361,11.452866394,11.383795485,11.30055847,11.322666625,11.209208716,11.014331527,10.956857667,10.74765917,10.665463609,8.4841317996,8.275786857,8.594352951,8.403068255,8.7302574531,8.571436191,8.8782453341,8.9173085005,9.0425801983,9.7331311402,3.1609595618,3.1770795371,2.7894425337,2.8974902146,2.5924091723,2.6377725247,2.1360861925,2.0395491667,1.7050789715,0.9323324691,3.7476118597,3.7456354522,3.4908856974,3.9871848184,4.0630607979,4.2322023649,3.8827198121,3.2692768163,2.27700727,1.9608806764,-2.796257023,-3.722725159,-3.89718699,-4.891859867,-6.075050559,-6.668398971,-5.656264501,-5.277640598,-5.437717186,-5.635370622,0.9513548369,0.0229102933,-0.406301292,-0.904675048,-2.011989761,-2.436196606,-1.773544689,-2.008363781,-3.160709916,-3.674489946
020,2,0,00,Midwest Region,66927001,66929737,66975328,67164092,67348275,67576524,67765576,67885682,68018175,68160342,68263019,68340091,68316744,45591,188764,184183,228249,189052,120106,132493,142167,102677,77072,-23347,212599,834852,830699,830845,836493,838071,832757,816921,807621,791161,784823,140865,586658,584692,605159,596873,626080,619207,640351,649554,632063,671590,71734,248194,246007,225686,239620,211991,213550,176570,158067,159098,113233,25805,120105,123734,129350,136737,145029,147575,129389,99658,84709,70234,-50899,-179384,-183963,-125141,-183942,-234593,-227495,-162566,-154266,-167058,-207685,-25094,-59279,-60229,4209,-47205,-89564,-79920,-33177,-54608,-82349,-137451,-1049,-151,-1595,-1646,-3363,-2321,-1137,-1226,-782,323,871,12.447526611,12.351265813,12.315675193,12.361164782,12.356258429,12.255090008,11.997795511,11.839922343,11.583352678,11.486040929,8.7469887674,8.6935054827,8.9703153829,8.8202118927,9.2307289918,9.1124271771,9.4045817814,9.522621276,9.2540060032,9.8288534196,3.7005378434,3.6577603307,3.3453598104,3.540952889,3.1255294367,3.1426628311,2.5932137299,2.3173010669,2.3293466745,1.6571875091,1.7907487598,1.8397416202,1.9173643535,2.0206129504,2.1382625143,2.1717558759,1.9002850501,1.4610107722,1.2402206655,1.0278885794,-2.674590363,-2.735257792,-1.854974044,-2.718178601,-3.458766302,-3.347881437,-2.387542523,-2.261577473,-2.445888677,-3.039511342,-0.883841603,-0.895516172,0.0623903097,-0.69756565,-1.320503788,-1.176125561,-0.487257472,-0.800566701,-1.205668012,-2.011622763
020,3,0,00,South Region,114555744,114563042,114869421,116019483,117264196,118397213,119666248,121049223,122419547,123611036,124649156,125686544,126662754,306379,1150062,1244713,1133017,1269035,1382975,1370324,1191489,1038120,1037388,976210,368739,1509643,1505006,1504774,1525284,1545672,1548340,1511014,1502640,1479176,1473609,228461,963068,960777,1011227,1006153,1052270,1058139,1092576,1122210,1127041,1220309,140278,546575,544229,493547,519131,493402,490201,418438,380430,352135,253300,70282,290140,348120,333217,368573,431749,437854,404211,307884,263883,221183,91071,312264,344084,299940,373734,453592,441153,367414,348982,421992,503502,161353,602404,692204,633157,742307,885341,879007,771625,656866,685875,724685,4748,1083,8280,6313,7597,4232,1116,1426,824,-622,-1775,13.076791252,12.902797199,12.770644174,12.814095818,12.842315399,12.719002934,12.283139613,12.105364037,11.817539408,11.679121057,8.3422631691,8.2369842941,8.5820330473,8.4528133446,8.7428530923,8.6921948963,8.8816275333,9.0405956022,9.0042371104,9.6715862471,4.7345280828,4.665812905,4.1886111272,4.3612824733,4.0994623067,4.0268080378,3.4015120795,3.0647684346,2.8133022977,2.0075348099,2.5132433389,2.9845208331,2.8279301343,3.0964264608,3.5872143839,3.5967980616,3.2858597909,2.4803332143,2.1082330646,1.7529908088,2.7048852898,2.949919184,2.5455164787,3.1397846476,3.7686983567,3.6238980466,2.9867343768,2.8114213333,3.3714088722,3.9905163517,5.2181286286,5.9344400171,5.373446613,6.2362111084,7.3559127406,7.2206961082,6.2725941677,5.2917545476,5.4796419368,5.7435071605
020,4,0,00,West Region,71945553,71946912,72101630,72791588,73482530,74173435,74933166,75751299,76570256,77267367,77841481,78300384,78654756,154718,689958,690942,690905,759731,818133,818957,697111,574114,458903,354372,243056,982751,963398,969198,968959,974144,961493,944596,910712,897721,893087,118484,491893,495138,511658,509127,532258,545369,557401,567395,581398,634621,124572,490858,468260,457540,459832,441886,416124,387195,343317,316323,258466,37874,177078,178267,192203,217174,255655,242338,197074,128975,92435,75947,-7205,22297,47218,42850,83991,121429,160161,112319,101275,49816,19349,30669,199375,225485,235053,301165,377084,402499,309393,230250,142251,95296,-523,-275,-2803,-1688,-1266,-837,334,523,547,329,610,13.565175977,13.172501235,13.127786609,12.99686256,12.929587665,12.624516602,12.280428956,11.742876203,11.498786696,11.380156139,6.7897311798,6.7700015118,6.9304074509,6.8290336791,7.0645371439,7.1607593554,7.2466148284,7.316088119,7.447048234,8.0866545689,6.7754447969,6.4024997232,6.1973791577,6.167828881,5.8650505213,5.463757247,5.0338141275,4.4267880837,4.0517384623,3.2935015699,2.4442551894,2.4374373599,2.6033895752,2.9130031607,3.3932495961,3.1819265501,2.56210407,1.6630256966,1.1839873951,0.9677542258,0.307771479,0.6456097722,0.5804032367,1.1265899623,1.6116989897,2.1029328384,1.4602279704,1.3058571617,0.6380863966,0.2465545251,2.7520266684,3.0830471321,3.1837928119,4.039593123,5.0049485858,5.2848593884,4.0223320403,2.9688828583,1.8220737917,1.2143087509
040,3,6,01,Alabama,4779736,4780118,4785514,4799642,4816632,4831586,4843737,4854803,4866824,4877989,4891628,4907965,4921532,5396,14128,16990,14954,12151,11066,12021,11165,13639,16337,13567,14202,59699,59074,57943,58914,59653,59695,58644,58665,57251,56739,11077,48837,48363,50853,49720,51878,51711,53196,54560,54038,58354,3125,10862,10711,7090,9194,7775,7984,5448,4105,3213,-1615,1053,5162,6282,5494,4159,5095,6301,3546,3940,2293,2078,1225,-1903,-114,2294,-996,-1553,-2148,2287,5664,10828,13115,2278,3259,6168,7788,3163,3542,4153,5833,9604,13121,15193,-7,7,111,76,-206,-251,-116,-116,-70,3,-11,12.456552611,12.286255571,12.011129931,12.178198082,12.301439186,12.280866155,12.035941582,12.009682672,11.68436281,11.544639568,10.190131491,10.058573622,10.541428479,10.277693055,10.698105076,10.638342738,10.917808274,11.169322196,11.028621291,11.873242344,2.2664211203,2.2276819483,1.4697014516,1.9005050271,1.6033341101,1.6425234171,1.1181333085,0.8403604768,0.6557415191,-0.328602776,1.0770821049,1.3065351507,1.1388631559,0.8597129005,1.0506736065,1.2962850766,0.72777179,0.8065822846,0.4679786191,0.4228090206,-0.397072306,-0.023709807,0.4755282271,-0.205884599,-0.320254389,-0.44190134,0.4693779142,1.1595132133,2.2098876964,2.6684987034,0.6800097985,1.2828253438,1.6143913829,0.6538283011,0.7304192177,0.8543837364,1.1971497042,1.9660954979,2.6778663155,3.0913077241
040,4,9,02,Alaska,710231,710246,713982,722349,730810,737626,737075,738430,742575,740983,736624,733603,731158,3736,8367,8461,6816,-551,1355,4145,-1592,-4359,-3021,-2445,2902,11712,11126,11349,11447,11347,11284,10757,10374,9860,9733,899,3922,3923,4038,4007,4337,4426,4429,4435,4748,5249,2003,7790,7203,7311,7440,7010,6858,6328,5939,5112,4484,480,1442,2482,2995,1343,2417,2442,2792,742,1232,1078,1163,-888,-1324,-3502,-9585,-8197,-5194,-10765,-11078,-9355,-7980,1643,554,1158,-507,-8242,-5780,-2752,-7973,-10336,-8123,-6902,90,23,100,12,251,125,39,53,38,-10,-27,16.308218649,15.312846013,15.457262012,15.524502933,15.380496847,15.238301019,14.501623799,14.041622705,13.412894743,13.289540068,5.4611367436,5.3992715181,5.4997289633,5.4343219405,5.8786652705,5.9770223598,5.9707810547,6.0029493634,6.458866556,7.1670395375,10.847081905,9.9135744953,9.9575330488,10.090180993,9.5018315763,9.2612786587,8.5308427443,8.0386733414,6.9540281875,6.1225005308,2.0078937237,3.4160060943,4.0791699468,1.8213861657,3.276166465,3.2977606423,3.7639242955,1.0043265902,1.6759316759,1.4719124827,-1.236483791,-1.822236933,-4.769700552,-12.99924527,-11.11077224,-7.014155928,-14.51240868,-14.99451478,-12.725926,-10.89597552,0.7714099327,1.5937691608,-0.690530605,-11.1778591,-7.834605779,-3.716395286,-10.74848439,-13.99018819,-11.04999432,-9.424063038
040,4,8,04,Arizona,6392017,6392292,6407342,6473416,6556344,6634690,6732873,6832810,6944767,7048088,7164228,7291843,7421401,15050,66074,82928,78346,98183,99937,111957,103321,116140,127615,129558,20951,86097,85581,86097,86129,86755,84736,83156,81134,81294,81451,11506,48173,48748,50612,50241,52843,56023,56320,59212,61049,66385,9445,37924,36833,35485,35888,33912,28713,26836,21922,20245,15066,2723,17104,15673,18580,21867,20141,20694,13662,8180,11618,9272,3110,11042,29856,24017,39905,45608,62460,62648,85777,95805,105434,5833,28146,45529,42597,61772,65749,83154,76310,93957,107423,114706,-228,4,566,264,523,276,90,175,261,-53,-214,13.368312641,13.136235817,13.05386674,12.886268051,12.790362269,12.300566348,11.885494418,11.417421341,11.247039393,11.071793549,7.4798393076,7.4825629943,7.6736971491,7.5168525482,7.7906877228,8.1324894791,8.0498225702,8.3324913406,8.4461400335,9.0238427365,5.8884733336,5.6536728228,5.380169591,5.3694155023,4.9996745464,4.1680768687,3.8356718482,3.0849300001,2.8008993592,2.0479508122,2.6557443281,2.4057235129,2.8170649852,3.2716509359,2.9694044893,3.0040115181,1.9527108657,1.1511142871,1.6073523712,1.2603610733,1.7144953736,4.5827398202,3.641412796,5.9704225819,6.7240256167,9.0669063218,8.9542841686,12.070798313,13.25463883,14.331849591,4.3702397017,6.9884633332,6.4584777812,9.2420735178,9.693430106,12.07091784,10.906995034,13.2219126,14.861991201,15.592210664
040,3,7,05,Arkansas,2915918,2916029,2921998,2941038,2952876,2960459,2968759,2979732,2991815,3003855,3012161,3020985,3030522,5969,19040,11838,7583,8300,10973,12083,12040,8306,8824,9537,9446,38430,38609,37986,38239,38794,38611,37694,37587,36604,36332,7024,29439,29715,30972,29970,31320,31140,32328,32797,31465,33832,2422,8991,8894,7014,8269,7474,7471,5366,4790,5139,2500,880,4010,4017,2627,3424,3620,3700,2503,1052,1668,1517,2460,5983,-1305,-2144,-3401,-94,943,4170,2449,2028,5550,3340,9993,2712,483,23,3526,4643,6673,3501,3696,7067,207,56,232,86,8,-27,-31,1,15,-11,-30,13.109249201,13.101310945,12.847572478,12.898496901,13.043307958,12.931657408,12.573740716,12.495644958,12.134299419,12.007587532,10.042237503,10.083282518,10.475307081,10.109258928,10.530401744,10.429458229,10.783782296,10.903228981,10.430710611,11.18134706,3.0670116984,3.0180284273,2.3722653968,2.7892379737,2.5129062144,2.5021991789,1.78995842,1.5924159776,1.7035888076,0.826240472,1.3678919932,1.3631009886,0.8885003133,1.1549583773,1.2171153995,1.2392098731,0.8349358787,0.3497331124,0.5529453456,0.5013627184,2.0409221434,-0.442829671,-0.72514072,-1.147200187,-0.031604654,0.3158310568,1.3910038411,0.8141600687,0.6722860677,1.8342538478,3.4088141366,0.9202713172,0.1633595932,0.00775819,1.1855107455,1.5550409299,2.2259397198,1.1638931811,1.2252314133,2.3356165663
040,4,9,06,California,37253956,37254522,37319550,37636311,37944551,38253768,38586706,38904296,39149186,39337785,39437463,39437610,39368078,65028,316761,308240,309217,332938,317590,244890,188599,99678,147,-69532,123328,509748,497428,499632,498931,500368,489146,482694,462012,452438,448160,57317,238381,239541,247702,244044,253789,260115,265216,270180,277722,304961,66011,271367,257887,251930,254887,246579,229031,217478,191832,174716,143199,19063,96569,95561,113526,127975,153571,138763,109976,68369,33553,28803,-19639,-50732,-41300,-53388,-46407,-80121,-122220,-138211,-160192,-208407,-242313,-576,45837,54261,60138,81568,73450,16543,-28235,-91823,-174854,-213510,-407,-443,-3908,-2851,-3517,-2439,-684,-644,-331,285,779,13.601284628,13.162803039,13.113990087,12.986151022,12.914221963,12.533611249,12.299977789,11.729877385,11.472268305,11.373798297,6.3605699893,6.3386681142,6.5015082551,6.3519649814,6.5501540424,6.6650453852,6.7582172333,6.8595150599,7.0420727218,7.7395682403,7.2407146387,6.8241349245,6.6124818318,6.6341860411,6.3640679211,5.8685658636,5.5417605554,4.870362325,4.4301955828,3.6342300571,2.5766897668,2.528708921,2.9797507738,3.3309268759,3.9635827654,3.5555876931,2.802401433,1.7357990419,0.850788436,0.7309878444,-1.353649983,-1.09286925,-1.401290756,-1.207879066,-2.067878797,-3.131698852,-3.521883906,-4.067064314,-5.284483223,-6.149632245,1.2230397834,1.4358396706,1.5784600183,2.1230478094,1.8957039683,0.4238888407,-0.719482473,-2.331265273,-4.433694787,-5.4186444
040,4,8,08,Colorado,5029196,5029319,5047539,5121900,5193660,5270774,5352637,5454328,5543844,5617421,5697155,5758486,5807719,18220,74361,71760,77114,81863,101691,89516,73577,79734,61331,49233,16787,65940,64738,64732,65706,66346,66592,65316,63793,63145,63285,7830,32010,32715,33583,33932,36243,36713,37693,38169,39290,42735,8957,33930,32023,31149,31774,30103,29879,27623,25624,23855,20550,2532,13093,11747,9510,10182,13926,10146,8839,11306,3576,3118,6067,27111,27240,35625,38973,56922,49212,36903,42580,33815,25498,8599,40204,38987,45135,49155,70848,59358,45742,53886,37391,28616,664,227,750,830,934,740,279,212,224,85,67,12.968266981,12.551524105,12.371811032,12.370038211,12.278377879,12.109648767,11.704049675,11.276251094,11.024263068,10.943088074,6.2953325154,6.3428451776,6.4185029023,6.3881553674,6.7073410527,6.6762003722,6.7542523182,6.746872353,6.8595026677,7.3896321222,6.6729344657,6.2086789278,5.9533081292,5.9818828435,5.5710368267,5.4334483949,4.9497973572,4.5293787412,4.1647604006,3.5534559521,2.5749699664,2.2775302553,1.8175851651,1.9168984425,2.5772268162,1.8450338838,1.5838706455,1.9984840793,0.6243212405,0.5391569664,5.331857539,5.2813419727,6.8087772353,7.3371914162,10.534317452,8.9491235453,6.6126913034,7.5265745707,5.903641708,4.4090520616,7.9068275054,7.558872228,8.6263624005,9.2540898587,13.111544268,10.794157429,8.1965619488,9.52505865,6.5279629486,4.9482090279
040,1,1,09,Connecticut,3574097,3574151,3579173,3588632,3595211,3595792,3595697,3588561,3579830,3575324,3574561,3566022,3557006,5022,9459,6579,581,-95,-7136,-8731,-4506,-763,-8539,-9016,9497,37637,36854,36134,36162,36324,35917,35501,34958,34596,34258,6848,29295,29064,29755,29669,30378,30111,31112,31141,31469,33477,2649,8342,7790,6379,6493,5946,5806,4389,3817,3127,781,2481,13189,16211,11331,18386,16726,14624,14779,18949,10290,9387,139,-12030,-17369,-17041,-25155,-29948,-29233,-23749,-23606,-22042,-19294,2620,1159,-1158,-5710,-6769,-13222,-14609,-8970,-4657,-11752,-9907,-247,-42,-53,-88,181,140,72,75,77,86,110,10.50168078,10.2602465,10.04978026,10.05688808,10.112109003,10.020937753,9.9231966216,9.7786188169,9.6899650911,9.6189429552,8.1740504938,8.0914908636,8.2756188532,8.2511424268,8.4568232377,8.4010484361,8.6963886452,8.7109093363,8.8141262415,9.399654192,2.3276302857,2.1687556368,1.774161407,1.805745653,1.6552857651,1.6198893169,1.2268079765,1.0677094806,0.8758388496,0.2192887631,3.6800666313,4.5131832642,3.1514379844,5.1132665294,4.6562915753,4.0801345797,4.1310082215,5.3005048333,2.8821176086,2.6356768498,-3.356676137,-4.835573383,-4.739533553,-6.995769583,-8.337117069,-8.15608412,-6.638291782,-6.603183128,-6.173725591,-5.417359022,0.323390494,-0.322390119,-1.588095569,-1.882503053,-3.680825494,-4.07594954,-2.507283561,-1.302678295,-3.291607982,-2.781682172
040,3,5,10,Delaware,897934,897947,899647,907590,915518,924062,933131,942065,949989,957942,966985,976668,986809,1700,7943,7928,8544,9069,8934,7924,7953,9043,9683,10141,2843,11300,11155,10893,10984,11023,11216,10830,10760,10551,10516,1836,7872,7696,8086,8071,8543,8506,9051,9437,9540,10368,1007,3428,3459,2807,2913,2480,2710,1779,1323,1011,148,400,1675,1352,2504,1901,2402,1834,1714,670,1447,1217,278,2857,3197,3299,4223,4058,3377,4438,7049,7226,8772,678,4532,4549,5803,6124,6460,5211,6152,7719,8673,9989,15,-17,-80,-66,32,-6,3,22,1,-1,4,12.505277393,12.23734414,11.842920667,11.828603705,11.756637706,11.855898405,11.352611808,11.179644735,10.856876202,10.711610067,8.7116410299,8.4427252801,8.7911371074,8.6916114803,9.1115808694,8.991286718,9.4877644946,9.8050471524,9.8165670518,10.560857092,3.7936363631,3.7946188597,3.0517835593,3.1369922243,2.6450568367,2.8646116866,1.8648473137,1.3745975821,1.0403091498,0.1507529755,1.8536583746,1.4831814681,2.7223605388,2.0471754955,2.561865533,1.9386338868,1.7967106777,0.6961302948,1.4889489019,1.2396376428,3.1617325232,3.5071975988,3.5866882658,4.5477233653,4.3280809046,3.5696655592,4.6521598527,7.3239141017,7.4354835971,8.9351695996,5.0153908978,4.990379067,6.3090488046,6.5948988608,6.8899464376,5.508299446,6.4488705304,8.0200443965,8.924432499,10.174807242
040,3,5,11,District of Columbia,601723,601767,605282,620290,635737,651559,663603,677014,687576,697079,704147,708253,712816,3515,15008,15447,15822,12044,13411,10562,9503,7068,4106,4563,2242,9196,9231,9448,9332,9649,9695,9705,9400,9194,9155,1181,4667,4534,4813,4649,4883,4852,5136,4943,5417,6093,1061,4529,4697,4635,4683,4766,4843,4569,4457,3777,3062,757,2666,3610,4980,5460,5298,3710,3855,3055,2751,2143,1465,7709,6797,5972,1817,3266,1969,1055,-444,-2417,-658,2222,10375,10407,10952,7277,8564,5679,4910,2611,334,1485,232,104,343,235,84,81,40,24,0,-5,16,15.006870261,14.69872861,14.678830665,14.191407598,14.394864454,14.209396229,14.017932265,13.416822126,13.018974795,12.884666403,7.6160356144,7.2195900247,7.4776896689,7.0698514708,7.2847054752,7.1112935021,7.4184544164,7.055250188,7.6706315491,8.5752345593,7.390834647,7.4791385854,7.2011409963,7.1215561277,7.110158979,7.0981027268,6.5994778483,6.3615719377,5.3483432455,4.3094318432,4.3506215873,5.7482840735,7.7371482549,8.3031596108,7.9038233888,5.4375306869,5.5681740217,4.3604671909,3.8954970263,3.0160393338,12.580248243,10.823015747,9.278363329,2.7631576946,4.8723833876,2.8858484966,1.52384529,-0.633730747,-3.422543189,-0.926063407,16.930869831,16.571299821,17.015511584,11.066317305,12.776206776,8.3233791835,7.0920193117,3.7267364437,0.4729538374,2.0899759266
040,3,5,12,Florida,18801310,18804589,18846143,19055607,19302016,19551678,19853880,20219111,20627237,20977089,21254926,21492056,21733312,41554,209464,246409,249662,302202,365231,408126,349852,277837,237130,241256,50884,213199,214011,212989,218358,221743,226033,222993,223734,220705,219996,41760,174492,173760,181594,181037,191082,193681,199773,206543,211071,230396,9124,38707,40251,31395,37321,30661,32352,23220,17191,9634,-10400,22735,102343,100592,105369,114339,134725,157803,161644,132690,88787,78072,10293,68566,103739,111638,147435,197683,217181,164243,127568,139330,174645,33028,170909,204331,217007,261774,332408,374984,325887,260258,228117,252717,-598,-152,1827,1260,3107,2162,790,745,388,-621,-1061,11.250087397,11.158720654,10.963642222,11.082599059,11.066955297,11.067476583,10.719702562,10.595468864,10.326109104,10.179022652,9.2075959553,9.0599983216,9.3475796664,9.1883992608,9.5366976725,9.4833937174,9.603472485,9.7813471604,9.8753638327,10.660221562,2.0424914417,2.0987223322,1.6160625551,1.8941997979,1.5302576241,1.5840828659,1.1162300767,0.8141217036,0.4507452713,-0.481198911,5.4004366553,5.2449548294,5.4238858215,5.8031915193,6.7239802489,7.7266638379,7.7705380926,6.2838583477,4.1540710406,3.612323208,3.6180915129,5.4090421609,5.746583581,7.4829545619,9.8661465025,10.634047382,7.8954770232,6.0412935542,6.5188227791,8.0806715168,9.0185281682,10.65399699,11.170469402,13.286146081,16.590126751,18.36071122,15.666015116,12.325151902,10.67289382,11.692994725
040,3,5,13,Georgia,9687653,9688737,9712209,9803630,9903580,9975592,10071204,10183353,10308442,10417031,10519389,10628020,10710017,23472,91421,99950,72012,95612,112149,125089,108589,102358,108631,81997,32490,132638,131860,128689,129543,131678,131395,129077,128171,125873,125818,17216,71163,70456,74852,74843,78566,80067,82135,84768,85998,94638,15274,61475,61404,53837,54700,53112,51328,46942,43403,39875,31180,4369,12560,22454,23207,17777,26234,35276,21846,17766,16252,13275,3034,17118,14974,-5842,22919,32650,38504,39798,41256,52508,37563,7403,29678,37428,17365,40696,58884,73780,61644,59022,68760,50838,795,268,1118,810,216,153,-19,3,-67,-4,-21,13.592856551,13.381904389,12.947118723,12.924060284,13.002308567,12.824157181,12.455879777,12.243831562,11.904342513,11.792837364,7.2928455702,7.1502764724,7.5306959465,7.4668291132,7.7578591326,7.8145423571,7.9259952234,8.0976594852,8.133194946,8.8703567249,6.3000109808,6.2316279169,5.4164227766,5.4572311705,5.2444494343,5.0096148239,4.5298845532,4.1461720772,3.7711475671,2.9224806387,1.2871596245,2.2787599056,2.3348054939,1.7735502471,2.5904294031,3.4429389909,2.1081304152,1.6971382882,1.5370204454,1.2442569108,1.7542673928,1.5196468704,-0.587750838,2.2865499305,3.2239658463,3.7579919182,3.8404913606,3.9410749307,4.9659038608,3.5207549785,3.0414270173,3.798406776,1.747054656,4.0601001776,5.8143952494,7.2009309092,5.9486217757,5.6382132189,6.5029243062,4.7650118893
040,4,9,15,Hawaii,1360301,1360304,1364004,1379562,1395199,1408822,1415335,1422999,1428885,1425763,1423102,1415615,1407006,3700,15558,15637,13623,6513,7664,5886,-3122,-2661,-7487,-8609,4643,19154,18894,19029,18956,18211,18406,17770,17284,16695,16420,2531,10075,10250,10339,10738,11078,10855,11288,11540,12456,13768,2112,9079,8644,8690,8218,7133,7551,6482,5744,4239,2652,2033,7437,10284,5873,4071,7434,9792,4814,4537,2778,2187,-357,-906,-3057,-763,-5708,-6829,-11424,-14416,-12928,-14463,-13375,1676,6531,7227,5110,-1637,605,-1632,-9602,-8391,-11685,-11188,-88,-52,-234,-177,-68,-74,-33,-2,-14,-41,-73,13.962849809,13.618470203,13.57265156,13.424182862,12.832175494,12.907958388,12.449871228,12.133955101,11.762356022,11.634576516,7.3444560838,7.3880236892,7.3744098208,7.6043930985,7.8059875969,7.6125115888,7.9085057072,8.1014719897,8.7757955443,9.7554719532,6.6183937255,6.2304465141,6.1982417393,5.8197897638,5.0261878975,5.2954467994,4.5413655204,4.0324831117,2.9865604778,1.8791045627,5.421411404,7.4125303044,4.1889843193,2.8829841967,5.2382841484,6.8670394729,3.372745081,3.1851281124,1.957222224,1.5496235591,-0.660454314,-2.203433016,-0.544218463,-4.042268188,-4.811977731,-8.011546052,-10.10001934,-9.075895137,-10.18981462,-9.477007363,4.7609570902,5.209097288,3.6447658559,-1.159283992,0.4263064178,-1.144506579,-6.727274256,-5.890767025,-8.2325924,-7.927383804
040,4,8,16,Idaho,1567582,1567658,1570819,1584272,1595910,1612053,1632248,1652495,1684036,1719745,1752074,1789060,1826913,3161,13453,11638,16143,20195,20247,31541,35709,32329,36986,37853,5973,22973,22365,22713,22440,23029,22601,22463,21636,21584,21656,2582,11882,11897,12297,12533,12889,13278,13683,14231,13755,14637,3391,11091,10468,10416,9907,10140,9323,8780,7405,7829,7019,187,1813,1756,2039,1589,3294,3618,1822,463,758,678,-381,524,-721,3535,8470,6771,18550,25035,24401,28466,30283,-194,2337,1035,5574,10059,10065,22168,26857,24864,29224,30961,-36,25,135,153,229,42,50,72,60,-67,-127,14.562495979,14.065232745,14.16038776,13.833488323,14.021797139,13.547603784,13.198851512,12.463783394,12.190445208,11.977965543,7.5319539119,7.4819617242,7.6665472763,7.7261635095,7.8477981382,7.9591647732,8.0398827069,8.1980080183,7.7686978239,8.0957462901,7.0305420668,6.5832710203,6.4938404838,6.1073248136,6.1739990008,5.5884390105,5.1589688056,4.265775376,4.4217473837,3.8822192533,1.1492536982,1.1043393114,1.2712116692,0.9795638567,2.0056363618,2.1687195473,1.0705741644,0.2667189735,0.4281114468,0.3750028001,0.3321615763,-0.453433168,2.2038907556,5.2214637298,4.1226969659,11.119333224,14.710112078,14.056608366,16.077335678,16.749571969,1.4814152746,0.6509061431,3.4751024248,6.2010275865,6.1283333278,13.288052771,15.780686243,14.323327339,16.505447125,17.124574769
040,2,3,17,Illinois,12830632,12831572,12840545,12867783,12883029,12895778,12885092,12859585,12821709,12779893,12724685,12667017,12587530,8973,27238,15246,12749,-10686,-25507,-37876,-41816,-55208,-57668,-79487,41839,162419,160154,157503,157501,159256,156747,151354,148028,142527,140833,24075,101615,101312,104308,102684,107563,106154,108768,110595,109472,118232,17764,60804,58842,53195,54817,51693,50593,42586,37433,33055,22601,4946,30893,27408,27738,28923,30358,24566,30046,20899,13235,11164,-13373,-64513,-70921,-68005,-94884,-107883,-113193,-114690,-113775,-104056,-113205,-8427,-33620,-43513,-40267,-65961,-77525,-88627,-84644,-92876,-90821,-102041,-364,54,-83,-179,458,325,158,242,235,98,-47,12.635516398,12.438753388,12.219572457,12.218439486,12.37195557,12.207095172,11.823791339,11.607955246,11.226265967,11.153080671,7.9052204406,7.8686450742,8.0925389604,7.9659065035,8.3561351343,8.2670289122,8.4969682757,8.6725606673,8.6226594814,9.363224769,4.730295957,4.5701083135,4.1270334969,4.2525329828,4.0158204354,3.9400662599,3.3268230637,2.935394579,2.6036064853,1.789855902,2.4033457174,2.1287095723,2.1520002846,2.243756708,2.3583904354,1.9131434732,2.3471968668,1.6388430344,1.0424665507,0.8841180165,-5.018840587,-5.508253487,-5.276039345,-7.360806676,-8.380994642,-8.815210012,-8.959595575,-8.921927663,-8.196063423,-8.965118242,-2.61549487,-3.379543915,-3.12403906,-5.117049968,-6.022604207,-6.902066539,-6.612398708,-7.283084629,-7.153596872,-8.081000225
040,2,3,18,Indiana,6483802,6484050,6490555,6517250,6538989,6570575,6596019,6611442,6637898,6662068,6698481,6731010,6754953,6505,26695,21739,31586,25444,15423,26456,24170,36413,32529,23943,20965,83476,83053,83369,83528,84205,83540,82219,82548,81204,80976,13851,57903,58608,60700,59828,62900,62133,65299,65706,63772,67236,7114,25573,24445,22669,23700,21305,21407,16920,16842,17432,13740,2493,9401,11135,9194,10133,8389,13904,9312,15414,10913,8743,-3053,-8217,-13573,73,-7683,-13954,-8704,-1882,4297,4163,1323,-560,1184,-2438,9267,2450,-5565,5200,7430,19711,15076,10066,-49,-62,-268,-350,-706,-317,-151,-180,-140,21,137,12.834755749,12.722346765,12.718805904,12.687867493,12.751126049,12.610439463,12.363791005,12.356977247,12.093384626,12.008931064,8.9028087368,8.9777768314,9.2604147628,9.0878476241,9.5249192862,9.3790332198,9.8194235985,9.8358233632,9.4973070833,9.9712567801,3.9319470118,3.7445699332,3.458391141,3.6000198685,3.226206763,3.2314062436,2.5443674067,2.5211538837,2.5960775431,2.037674284,1.4454398724,1.7056979426,1.4026400878,1.5391983682,1.2703425738,2.0988215262,1.4003043316,2.3073902128,1.6252291319,1.2966074429,-1.263395323,-2.079159243,0.0111369074,-1.167044416,-2.113048072,-1.313876767,-0.283008242,0.6432370406,0.6199788212,0.1962040086,0.1820445494,-0.373461301,1.4137769952,0.3721539526,-0.842705498,0.7849447595,1.1172960893,2.9506272534,2.2452079532,1.4928114514
040,2,4,19,Iowa,3046355,3046877,3050819,3066772,3076844,3093935,3110643,3122541,3133210,3143734,3149900,3159596,3163561,3942,15953,10072,17091,16708,11898,10669,10524,6166,9696,3965,9973,37837,38459,38804,39457,39694,39427,38790,38304,37380,37068,6886,28191,28054,29151,28883,29748,29162,30579,30393,29055,30857,3087,9646,10405,9653,10574,9946,10265,8211,7911,8325,6211,1513,6447,4314,7202,7093,5701,6003,6196,3089,6921,5511,-555,-127,-4637,196,-869,-3653,-5564,-3850,-4825,-5566,-7799,958,6320,-323,7398,6224,2048,439,2346,-1736,1355,-2288,-103,-13,-10,40,-90,-96,-35,-33,-9,16,42,12.369901813,12.519988228,12.576694126,12.718673212,12.736347908,12.605041345,12.359517625,12.172299819,11.848806941,11.724523051,9.2163729154,9.1327322541,9.4480777873,9.3102222262,9.5450415069,9.3232611081,9.7432763459,9.658330942,9.2099273856,9.7599980516,3.1535288972,3.3872559743,3.1286163384,3.4084509857,3.1913064014,3.2817802371,2.6162412792,2.5139688771,2.6388795555,1.9645249991,2.1076923907,1.404384649,2.3342271697,2.2863762854,1.8292416845,1.9191940344,1.9742091056,0.9816268312,2.1938360845,1.7431166109,-0.041519611,-1.50953445,0.0635252048,-0.280115747,-1.172113642,-1.77884318,-1.226711597,-1.53329539,-1.764324757,-2.466805743,2.0661727794,-0.105149801,2.3977523745,2.0062605386,0.6571280424,0.1403508548,0.7474975083,-0.551668559,0.4295113271,-0.723689132
040,2,4,20,Kansas,2853118,2853120,2858266,2869677,2886024,2894306,2901861,2910717,2912977,2910892,2912748,2912635,2913805,5146,11411,16347,8282,7555,8856,2260,-2085,1856,-113,1170,9994,40118,39553,39703,39285,39003,38769,37219,36459,35805,35467,5995,25171,24977,25595,25474,26527,26238,27012,27688,25737,27169,3999,14947,14576,14108,13811,12476,12531,10207,8771,10068,8298,998,5133,6323,6080,6873,9413,7913,2531,4307,3016,2483,209,-8667,-4628,-11912,-13108,-12934,-18179,-14784,-11194,-13226,-9663,1207,-3534,1695,-5832,-6235,-3521,-10266,-12253,-6887,-10210,-7180,-60,-2,76,6,-21,-99,-5,-39,-28,29,52,14.007820958,13.743938401,13.737277975,13.555510047,13.420207006,13.314229766,12.781537497,12.521034954,12.29275397,12.174501068,8.7888444421,8.6790470874,8.8558957707,8.7899468735,9.127447408,9.0107756348,9.2763075543,9.5088295293,8.8361572106,9.3261065076,5.2189765157,5.0648913138,4.8813822048,4.765563173,4.2927595982,4.3034541307,3.5052299425,3.0122054248,3.4565967594,2.84839456,1.7922664384,2.1971259452,2.1036861217,2.3715672789,3.2388382573,2.7175191554,0.8691816385,1.4791436284,1.0354683975,0.8523214862,-3.026217265,-1.60814469,-4.121563994,-4.522989072,-4.450348881,-6.243116482,-5.077037275,-3.844331037,-4.540817316,-3.316948257,-1.233950827,0.5889812553,-2.017877872,-2.151421793,-1.211510624,-3.525597327,-4.207855637,-2.365187409,-3.505348919,-2.46462677
040,3,6,21,Kentucky,4339367,4339330,4348464,4370817,4387865,4406906,4416992,4429126,4440306,4455590,4464273,4472345,4477251,9134,22353,17048,19041,10086,12134,11180,15284,8683,8072,4906,13677,55322,55282,56040,55745,55928,55919,54605,54653,53499,52831,10554,42513,42856,44420,43641,46308,46715,48536,48420,47227,49879,3123,12809,12426,11620,12104,9620,9204,6069,6233,6272,2952,1630,5548,8316,9326,5447,7900,7550,6464,1490,2538,2210,4189,4019,-3545,-1824,-7146,-5233,-5453,2864,1025,-750,-308,5819,9567,4771,7502,-1699,2667,2097,9328,2515,1788,1902,192,-23,-149,-81,-319,-153,-121,-113,-65,12,52,12.689578418,12.623360455,12.743936141,12.635005527,12.644642543,12.609375662,12.276447476,12.254224084,11.972985754,11.80634299,9.7514921242,9.7859472464,10.101456877,9.8915467971,10.469677208,10.533932725,10.911998072,10.856668987,10.569322757,11.146648407,2.938086294,2.837413209,2.6424792641,2.7434587299,2.1749653351,2.075442937,1.3644494045,1.397555097,1.4036629964,0.6596945829,1.2725819939,1.8989158414,2.1208056469,1.2346017599,1.7860941941,1.7024765509,1.4532543996,0.3340858486,0.5680001092,0.493877042,0.9218650024,-0.809482523,-0.414791926,-1.61969234,-1.183117838,-1.229616508,0.6438924196,0.2298241576,-0.167848732,-0.068829923,2.1944469963,1.0894333188,1.7060137211,-0.38509058,0.6029763564,0.4728600433,2.0971468192,0.5639100062,0.4001513772,0.4250471194
040,3,7,22,Louisiana,4533372,4533500,4544635,4576244,4602067,4626040,4645938,4666998,4681346,4673673,4664450,4658285,4645318,11135,31609,25823,23973,19898,21060,14348,-7673,-9223,-6165,-12967,14557,62310,62274,62527,64216,64400,64479,61865,60751,58469,57616,9178,40770,40729,43787,43590,43973,43683,45010,46530,46136,50108,5379,21540,21545,18740,20626,20427,20796,16855,14221,12333,7508,1320,7235,4649,6562,5096,6523,6770,3724,3747,6070,4928,4082,2715,-601,-1622,-5808,-5845,-13134,-28265,-27183,-24591,-25334,5402,9950,4048,4940,-712,678,-6364,-24541,-23436,-18521,-20406,354,119,230,293,-16,-45,-84,13,-8,23,-69,13.663156808,13.56981693,13.551425011,13.85162907,13.830224969,13.794742684,13.226055447,13.01139426,12.543314811,12.385739159,8.9399278293,8.8750533731,9.4899203054,9.4025244667,9.4434236421,9.3456124422,9.6226421347,9.9656001533,9.8975247071,10.771740798,4.7232289783,4.6947635573,4.0615047051,4.4491046031,4.3868013267,4.4491302417,3.6034133121,3.0457941066,2.6457901034,1.6139983617,1.5864699005,1.0130404167,1.4221768343,1.0992260767,1.4008471657,1.448384869,0.7961501735,0.802516737,1.3021929723,1.059374524,0.5953373573,-0.130960914,-0.351534719,-1.252807114,-1.255243244,-2.809909434,-6.042745611,-5.821940876,-5.275490508,-5.446062133,2.1818072578,0.8820795024,1.0706421154,-0.153581037,0.1456039213,-1.361524565,-5.246595437,-5.019424139,-3.973297536,-4.386687609
040,1,1,23,Maine,1328361,1328354,1327651,1328473,1328094,1328543,1331217,1329098,1332348,1335743,1340123,1345770,1350141,-703,822,-379,449,2674,-2119,3250,3395,4380,5647,4371,3448,12628,12796,12866,12705,12644,12704,12396,12265,12390,12209,3102,13024,12753,13405,13348,14174,14173,14552,14577,14692,15562,346,-396,43,-539,-643,-1530,-1469,-2156,-2312,-2302,-3353,322,1265,656,1910,3172,770,2118,774,1024,2057,1605,-1312,-5,-874,-780,310,-1267,2657,4829,5701,5899,6114,-990,1260,-218,1130,3482,-497,4775,5603,6725,7956,7719,-59,-42,-204,-142,-165,-92,-56,-52,-33,-7,5,9.5085922193,9.6334856226,9.6859299934,9.5534935483,9.5056412493,9.5466900324,9.2920368908,9.1671257081,9.2259818243,9.0574206641,9.8067710694,9.6011130154,10.091706168,10.036995819,10.655880977,10.650601215,10.908173672,10.895164407,10.94012308,11.544891504,-0.29817885,0.0323726072,-0.405776175,-0.483502271,-1.150239727,-1.103911182,-1.616136781,-1.728038698,-1.714141256,-2.48747084,0.9525157711,0.4938704727,1.4379081523,2.38517761,0.578878817,1.5916159862,0.580190106,0.7653597004,1.531706587,1.190692126,-0.003764884,-0.657992063,-0.587208565,0.2331037387,-0.952518781,1.9966589591,3.6198165655,4.2610504412,4.3925800469,4.5357580425,0.9487508866,-0.16412159,0.8506995875,2.6182813487,-0.373639964,3.5882749453,4.2000066714,5.0264101416,5.9242866339,5.7264501684
040,3,5,24,Maryland,5773552,5773787,5788784,5840241,5888375,5925197,5960064,5988528,6007014,6028186,6042153,6054954,6055802,14997,51457,48134,36822,34867,28464,18486,21172,13967,12801,848,18458,73558,72718,72369,72748,74145,73498,71770,71695,70804,69753,10610,43695,43469,45725,44768,47190,47256,49829,50070,51671,55635,7848,29863,29249,26644,27980,26955,26242,21941,21625,19133,14118,6709,21160,26172,21774,23752,27935,22015,23450,16629,16757,13078,851,520,-6488,-11004,-16296,-26121,-29699,-24085,-24238,-23055,-26379,7560,21680,19684,10770,7456,1814,-7684,-635,-7609,-6298,-13301,-411,-86,-799,-592,-569,-305,-72,-134,-49,-34,31,12.650759629,12.40009904,12.25184051,12.241716863,12.410667299,12.254219109,11.926681734,11.879533789,11.70593928,11.519181792,7.5148174503,7.4124687857,7.7410964271,7.5333642231,7.8988386247,7.8789270214,8.2805437384,8.2963701351,8.5427036398,9.1877005862,5.1359421792,4.9876302541,4.5107440832,4.7083526395,4.511828674,4.3752920877,3.6461379952,3.5831636543,3.1632356397,2.3314812056,3.6391700938,4.4629306646,3.6862686408,3.9968831984,4.6758647379,3.6705302687,3.8969024196,2.7553492905,2.770414447,2.1597330505,0.0894314012,-1.106353895,-1.862942047,-2.742219965,-4.372230636,-4.95167288,-4.002426216,-4.016125811,-3.811655134,-4.356292869,3.728601495,3.3565767692,1.8233265942,1.2546632337,0.3036341018,-1.281142611,-0.105523797,-1.26077652,-1.041240687,-2.196559818
040,1,1,25,Massachusetts,6547629,6547788,6566440,6614218,6664269,6715158,6764864,6797484,6827280,6863560,6885720,6894883,6893574,18652,47778,50051,50889,49706,32620,29796,36280,22160,9163,-1309,18641,73187,72228,72160,71952,71930,71345,70774,70453,68720,68502,12304,53996,52396,54782,54729,57488,55985,58151,58914,59297,63072,6337,19191,19832,17378,17223,14442,15360,12623,11539,9423,5430,9025,34360,38843,37447,44485,40816,44834,48583,37740,30022,25247,3545,-5601,-7714,-3074,-10847,-22139,-30252,-24724,-27035,-30338,-32164,12570,28759,31129,34373,33638,18677,14582,23859,10705,-316,-6917,-255,-172,-910,-862,-1155,-499,-146,-202,-84,56,178,11.105211895,10.87895029,10.786710074,10.675353497,10.60730782,10.472841952,10.338883516,10.248245726,9.973438753,9.9361371617,8.1932176679,7.8918629811,8.1889904553,8.1200164213,8.4775880991,8.2181239983,8.4948768666,8.5697578346,8.6058643443,9.1485218397,2.9119942267,2.987087309,2.5977196183,2.5553370759,2.1297197211,2.2547179533,1.8440066497,1.6784878917,1.3675744088,0.787615322,5.2137002568,5.8505159511,5.5976986159,6.6001375962,6.0190167661,6.5812516092,7.0971540095,5.4897420083,4.3571387986,3.6620486252,-0.849881698,-1.161879362,-0.459511457,-1.609344554,-3.264773917,-4.440737469,-3.611757935,-3.93256956,-4.403000362,-4.665351605,4.363818559,4.6886365894,5.1381871585,4.9907930417,2.7542428494,2.1405141403,3.485396075,1.5571724483,-0.045861564,-1.00330298
040,2,3,26,Michigan,9883640,9884112,9877597,9883053,9898289,9914802,9932033,9934483,9954117,9976752,9987286,9984795,9966555,-6515,5456,15236,16513,17231,2450,19634,22635,10534,-2491,-18240,29099,113968,113055,113013,114514,113815,113522,112243,111032,109251,108474,22115,89827,89045,92319,91841,96306,94757,97489,98542,97215,103445,6984,24141,24010,20694,22673,17509,18765,14754,12490,12036,5029,4691,22175,24499,23793,23685,21766,28244,21372,14012,9228,7753,-18665,-40909,-32995,-28223,-28543,-36375,-27108,-13174,-15834,-23878,-31206,-13974,-18734,-8496,-4430,-4858,-14609,1136,8198,-1822,-14650,-23453,475,49,-278,249,-584,-450,-267,-317,-134,123,184,11.534843236,11.430468165,11.407912072,11.539774478,11.457972802,11.415785928,11.263231924,11.123200627,10.940372213,10.873850642,9.0915025568,9.0029281128,9.3189901566,9.2549769271,9.6953084275,9.5287752783,9.7827144416,9.8719507547,9.7350896985,10.369724354,2.4433406796,2.4275400526,2.0889219153,2.2847975508,1.7626643746,1.8870106493,1.4805174827,1.2512498724,1.2052825141,0.5041262872,2.2443593708,2.476980581,2.4017453915,2.3867785468,2.1912246717,2.8402200255,2.1446129619,1.4037240362,0.9240899834,0.7771905159,-4.140450845,-3.335971847,-2.848924481,-2.876327636,-3.661940523,-2.725983729,-1.321969454,-1.58625224,-2.391137909,-3.128209369,-1.896091475,-0.858991266,-0.44717909,-0.489549089,-1.470715852,0.1142362962,0.8226435084,-0.182528204,-1.467047926,-2.351018853
040,2,4,27,Minnesota,5303925,5303933,5310934,5346620,5377500,5414722,5452665,5484002,5525360,5569283,5608762,5640053,5657342,7001,35686,30880,37222,37943,31337,41358,43923,39479,31291,17289,17514,68366,68046,68951,69893,69708,70060,69233,67878,67018,66492,9355,39958,39298,41317,40793,42860,42605,43969,44588,44102,46882,8159,28408,28748,27634,29100,26848,27455,25264,23290,22916,19610,3026,12203,11609,11388,16291,16783,16581,11352,10089,9317,7360,-4048,-4868,-9125,-1363,-6742,-11877,-2458,7542,6291,-921,-9757,-1022,7335,2484,10025,9549,4906,14123,18894,16380,8396,-2397,-136,-57,-352,-437,-706,-417,-220,-235,-191,-21,76,12.829585475,12.690272022,12.777906162,12.862889672,12.74757657,12.727349687,12.480437631,12.144878644,11.915566217,11.771209204,7.4985310888,7.3288997139,7.6568106179,7.5074164562,7.8378540738,7.739776383,7.9261676108,7.9777814457,7.8411814933,8.2996124328,5.3310543864,5.3613723084,5.1210955446,5.3554732154,4.9097224959,4.9875733035,4.5542700202,4.1670971981,4.0743847241,3.4715967708,2.2900188918,2.165026128,2.110408774,2.9981448162,3.0691251731,3.0121636476,2.0463930205,1.805145712,1.6565300434,1.3029552388,-0.91353044,-1.701771334,-0.252589318,-1.240776647,-2.171959702,-0.446529054,1.359575067,1.1255993333,-0.163750582,-1.727300851,1.3764884513,0.4632547939,1.8578194555,1.7573681696,0.897165471,2.5656345935,3.4059680875,2.9307450453,1.4927794617,-0.424345612
040,3,6,28,Mississippi,2967297,2968129,2970615,2979147,2984599,2989839,2991892,2990231,2990595,2990674,2982879,2978227,2966786,2486,8532,5452,5240,2053,-1661,364,79,-7795,-4652,-11441,9410,39751,39437,38494,38725,38592,38305,37367,37489,36403,35901,6648,29165,29063,30675,30594,31486,31489,31948,32823,31334,33888,2762,10586,10374,7819,8131,7106,6816,5419,4666,5069,2013,673,2450,2310,2082,2922,3496,1124,2641,2089,730,787,-1078,-4567,-7529,-4732,-9020,-12284,-7555,-7975,-14595,-10437,-14205,-405,-2117,-5219,-2650,-6098,-8788,-6431,-5334,-12506,-9707,-13418,129,63,297,71,20,21,-21,-6,45,-14,-36,13.362215161,13.22558003,12.886232981,12.947757096,12.902442828,12.809267482,12.494672953,12.551658954,12.213505346,12.077685953,9.8037534947,9.7465586227,10.268748291,10.229146045,10.526697629,10.529983651,10.682682889,10.989439618,10.512814233,11.400479696,3.5584616662,3.479021407,2.6174846906,2.7186110509,2.3757451995,2.2792838314,1.8119900643,1.5622193358,1.7006911134,0.6772062567,0.8235623543,0.7746808801,0.6969693216,0.9769747252,1.1688158201,0.3758678149,0.8830901937,0.6994162436,0.2449209928,0.2647597238,-1.535187458,-2.524923094,-1.584082051,-3.015849426,-4.106903185,-2.526406888,-2.666658196,-4.88653905,-3.501699181,-4.778795269,-0.711625104,-1.750242214,-0.887112729,-2.0388747,-2.938087365,-2.150539073,-1.783568002,-4.187122806,-3.256778188,-4.514035545
040,2,4,29,Missouri,5988927,5988941,5996089,6011182,6026027,6042989,6059130,6075411,6091384,6111382,6125986,6140475,6151548,7148,15093,14845,16962,16141,16281,15973,19998,14604,14489,11073,19006,76231,75455,75145,75786,75159,74828,73719,73548,72622,71982,13192,55944,55614,57556,57100,59995,59202,61343,63123,60883,65045,5814,20287,19841,17589,18686,15164,15626,12376,10425,11739,6937,2007,9118,7165,6101,6917,9806,6232,8714,6373,6657,5360,-510,-14274,-11778,-6395,-9013,-8339,-5798,-1007,-2096,-3916,-1267,1497,-5156,-4613,-294,-2096,1467,434,7707,4277,2741,4093,-163,-38,-383,-333,-449,-350,-87,-85,-98,9,43,12.697473056,12.536959357,12.452547913,12.524418244,12.387613178,12.300363407,12.082342643,12.020231801,11.840742004,11.711985895,9.3183538541,9.240347991,9.5378115333,9.4363639954,9.8883015023,9.7317329667,10.053950063,10.316434057,9.9267425217,10.583286413,3.379119202,3.2966113656,2.9147363795,3.088054249,2.4993116757,2.5686304405,2.0283925792,1.7037977447,1.913999482,1.1286994826,1.5187464329,1.1904753004,1.0110186282,1.1431055999,1.6162127599,1.0244275506,1.4282007866,1.0415638395,1.0853986329,0.8721103109,-2.377559397,-1.956932043,-1.059738424,-1.489491221,-1.374423639,-0.953085837,-0.165044548,-0.342557321,-0.638488966,-0.206149956,-0.858812964,-0.766456743,-0.048719796,-0.346385621,0.2417891208,0.0713417132,1.2631562385,0.6990065184,0.4469096669,0.6659603549
040,4,8,30,Montana,989415,989400,990730,997518,1004168,1014158,1022657,1031495,1042137,1053862,1061818,1070123,1080577,1330,6788,6650,9990,8499,8838,10642,11725,7956,8305,10454,3068,11985,12016,12198,12378,12581,12499,12116,11663,11305,11314,2411,9111,8963,9443,9372,9679,9922,10258,9900,9923,10756,657,2874,3053,2755,3006,2902,2577,1858,1763,1382,558,385,617,535,1862,817,798,1026,1106,435,1277,990,299,3297,3015,5320,4612,5088,7009,8712,5744,5660,8960,684,3914,3550,7182,5429,5886,8035,9818,6179,6937,9950,-11,0,47,53,64,50,30,49,14,-14,-54,12.055840117,12.005879044,12.087244578,12.15427027,12.249336953,12.055176618,11.561074218,11.025296831,10.605359154,10.521225647,9.1648526743,8.9554505552,9.3572594318,9.2026030837,9.4238401053,9.5696825666,9.7881726089,9.3586931861,9.3088880039,10.002324824,2.8909874422,3.0504284888,2.7299851461,2.9516671863,2.8254968474,2.485494051,1.7729016092,1.6666036452,1.29647115,0.518900823,0.6206469213,0.5345493749,1.8450934091,0.8022328979,0.7769629511,0.9895680622,1.055344015,0.4112153067,1.1979693622,0.9206304924,3.3164876816,3.0124604958,5.2716954545,4.5286390762,4.9538690418,6.7601194426,8.3129810654,5.429932693,5.309715419,8.3321709211,3.9371346029,3.5470098707,7.1167888636,5.3308719741,5.730831993,7.7496875048,9.3683250803,5.8411479997,6.5076847811,9.2528014135
040,2,4,31,Nebraska,1826341,1826311,1829591,1840914,1853691,1865813,1879955,1892059,1906483,1916998,1925512,1932571,1937552,3280,11323,12777,12122,14142,12104,14424,10515,8514,7059,4981,6500,25717,25787,26014,26448,26844,26547,26263,25600,25318,25061,3655,15615,15224,16175,15684,16556,16139,16880,16947,15819,16824,2845,10102,10563,9839,10764,10288,10408,9383,8653,9499,8237,714,2255,3319,3241,5133,4195,6024,4822,3478,2220,1837,-251,-1009,-1009,-879,-1672,-2277,-1958,-3634,-3593,-4643,-5123,463,1246,2310,2362,3461,1918,4066,1188,-115,-2423,-3286,-28,-25,-96,-79,-83,-102,-50,-56,-24,-17,30,14.012785707,13.959273048,13.987886557,14.121536625,14.233245158,13.977468197,13.737743172,13.324623749,13.124652839,12.951009567,8.508366015,8.2412057581,8.697396212,8.374250621,8.7783343328,8.4974708717,8.8296502585,8.8207968229,8.2004456617,8.694297313,5.5044196916,5.71806729,5.2904903449,5.7472860038,5.4549108248,5.4799973253,4.9080929132,4.5038269256,4.9242071775,4.2567122544,1.2287137601,1.7966737987,1.742705479,2.7406929634,2.2242759438,3.1717432636,2.5223088594,1.8102750546,1.1508306068,0.9493238329,-0.549788108,-0.546201827,-0.472643664,-0.892740821,-1.207312592,-1.030921864,-1.900885607,-1.870131763,-2.406894823,-2.647461076,0.6789256519,1.250471972,1.2700618147,1.8479521423,1.0169633517,2.1408213994,0.6214232528,-0.059856708,-1.256064216,-1.698137243
040,4,8,32,Nevada,2700551,2700683,2702483,2713114,2744670,2776956,2818935,2868531,2919555,2972097,3030725,3090771,3138259,1800,10631,31556,32286,41979,49596,51024,52542,58628,60046,47488,8897,35858,34707,35086,35224,36223,36349,36053,35602,35910,35906,4939,20204,20417,21251,21219,22439,23273,24492,24633,25590,28170,3958,15654,14290,13835,14005,13784,13076,11561,10969,10320,7736,989,1101,3660,4534,3893,6468,2866,2951,-697,5814,4562,-3059,-6063,13393,13899,23687,29060,34960,37833,48124,43872,35202,-2070,-4962,17053,18433,27580,35528,37826,40784,47427,49686,39764,-88,-61,213,18,394,284,122,197,232,40,-12,13.24249201,12.718348692,12.708575336,12.589237353,12.737834389,12.559937776,12.238672617,11.861754355,11.732426191,11.528600761,7.4614119182,7.4817911445,7.6973703036,7.5837788835,7.8906845333,8.0416911566,8.3141366802,8.2071399085,8.360701371,9.0447469349,5.7810800914,5.2365575479,5.0112050327,5.0054584694,4.8471498555,4.518246619,3.9245359366,3.6546144463,3.3717248202,2.4838538264,0.4066033717,1.3412036827,1.6422698676,1.3913780665,2.2744751353,0.9903100956,1.0017563834,-0.232224111,1.8995356691,1.4647545444,-2.239088322,4.9078527109,5.03438661,8.465854678,10.218962188,12.079986372,12.842917402,16.033792106,14.333751096,11.302562357,-1.83248495,6.2490563936,6.6766564776,9.8572327445,12.493437323,13.070296468,13.844673786,15.801567996,16.233286765,12.767316902
040,1,1,33,New Hampshire,1316470,1316457,1316807,1320444,1324677,1327272,1334257,1337480,1343694,1350395,1355064,1360783,1366275,350,3637,4233,2595,6985,3223,6214,6701,4669,5719,5492,3269,12990,12374,12598,12214,12375,12381,12204,12002,12037,12016,2538,10742,10514,10885,11154,11990,11836,12348,12654,12576,13114,731,2248,1860,1713,1060,385,545,-144,-652,-539,-1098,501,3078,3442,2734,3034,4102,3995,2763,2570,2842,2313,-805,-1671,-901,-1721,3011,-1136,1727,4124,2782,3398,4244,-304,1407,2541,1013,6045,2966,5722,6887,5352,6240,6557,-77,-18,-168,-131,-120,-128,-53,-42,-31,18,33,9.8511669917,9.3560937288,9.5009368581,9.1781829167,9.2636363534,9.2355065356,9.0598343262,8.8724316281,8.8642695999,8.8124271651,8.1463614954,7.9497308441,8.2090568107,8.3816482931,8.9754343335,8.8289682057,9.1667350262,9.3544200818,9.2611991765,9.6176905662,1.7048054963,1.4063628847,1.2918800475,0.7965346235,0.2882020199,0.4065383299,-0.1069007,-0.481988454,-0.396929577,-0.805263401,2.3342488068,2.6025274458,2.0618797722,2.2798924979,3.070661521,2.9800378491,2.0511571815,1.8998624633,2.0929014042,1.696333558,-1.267228641,-0.681254279,-1.297913346,2.2626091994,-0.850383103,1.2882416434,3.0615172698,2.0565826353,2.5023500956,3.1125117251,1.0670201661,1.9212731667,0.7639664262,4.5425016973,2.2202784181,4.2682794925,5.1126744514,3.9564450986,4.5952514998,4.8088452831
040,1,2,34,New Jersey,8791894,8791959,8799451,8828552,8845671,8857821,8867277,8870312,8873584,8888147,8891730,8891258,8882371,7492,29101,17119,12150,9456,3035,3272,14563,3583,-472,-8887,26548,106695,104516,103463,103333,103111,103023,101476,101901,100471,99603,17107,71059,69003,72450,70503,72550,71179,74763,74807,76740,81630,9441,35636,35513,31013,32830,30561,31844,26713,27094,23731,17973,7070,34483,27902,28778,30103,41337,38908,45043,27118,23880,19674,-8801,-41037,-46113,-47617,-53549,-69052,-67560,-57192,-50643,-48119,-46623,-1731,-6554,-18211,-18839,-23446,-27715,-28652,-12149,-23525,-24239,-26949,-218,19,-183,-24,72,189,80,-1,14,36,89,12.105171527,11.826941416,11.688428475,11.659512404,11.626270064,11.612218647,11.426363793,11.462508993,11.299675848,11.207953086,8.0620589865,7.808320626,8.1848259089,7.95516053,8.1803676926,8.0229279973,8.4184362436,8.4147938706,8.6307205516,9.185518613,4.0431125409,4.0186207903,3.5036025661,3.7043518744,3.4459023715,3.5892906496,3.0079275494,3.047715122,2.6689552959,2.022434473,3.91229795,3.1573665219,3.251110007,3.3966525883,4.660949129,4.3855081207,5.0719155695,3.0504148032,2.6857128847,2.2138416415,-4.655887567,-5.218107749,-5.379390687,-6.042166875,-7.785951067,-7.615013073,-6.439912867,-5.696664831,-5.411801436,-5.246311825,-0.743589617,-2.060741227,-2.12828068,-2.645514287,-3.125001938,-3.229504952,-1.367997297,-2.646250027,-2.726088552,-3.032470184
040,4,8,35,New Mexico,2059179,2059199,2064614,2080707,2087715,2092833,2090236,2090071,2092555,2092844,2093754,2099634,2106319,5415,16093,7008,5118,-2597,-165,2484,289,910,5880,6685,6662,27799,27035,26731,26359,26037,25216,24179,23198,23101,22671,3834,16367,16466,16789,17138,17631,18136,18527,18791,18868,19912,2828,11432,10569,9942,9221,8406,7080,5652,4407,4233,2759,450,4176,3810,5710,1913,3874,2609,2251,1623,3334,2687,2051,499,-7260,-10597,-13805,-12434,-7157,-7582,-5068,-1671,1221,2501,4675,-3450,-4887,-11892,-8560,-4548,-5331,-3445,1663,3908,86,-14,-111,63,74,-11,-48,-32,-52,-16,18,13.412230319,12.971335436,12.788275604,12.602708681,12.456979834,12.057496893,11.553976096,11.082028893,11.017821389,10.780434303,7.8966140379,7.9003517398,8.0319613601,8.1939838908,8.4352656396,8.6720639139,8.8531583249,8.9767395867,8.9989287898,9.4684843126,5.5156162816,5.070983696,4.756314244,4.4087247903,4.0217141947,3.3854329792,2.7008177715,2.1052893065,2.0188925995,1.3119499909,2.0148017488,1.8280298876,2.7316992892,0.9146394669,1.85345239,1.2475416162,1.075644162,0.7753311878,1.5901223545,1.2777128037,0.2407533699,-3.483332542,-5.069670292,-6.600417062,-5.948845384,-3.422251954,-3.62307154,-2.421058817,-0.796968943,0.5806056321,2.2555551187,-1.655302654,-2.337971003,-5.685777595,-4.095392994,-2.174710337,-2.547427378,-1.645727629,0.793153412,1.8583184358
040,1,2,36,New York,19378102,19378117,19399956,19499921,19574362,19626488,19653431,19657321,19636391,19593849,19544098,19463131,19336776,21839,99965,74441,52126,26943,3890,-20930,-42542,-49751,-80967,-126355,61404,243117,239907,239882,237033,239348,235792,231207,229316,223378,220375,35115,149781,146887,152565,148863,153901,151604,155117,156755,162158,177602,26289,93336,93020,87317,88170,85447,84188,76090,72561,61220,42773,19025,87332,90304,78010,84452,84301,88805,69336,57774,41869,35181,-22653,-80685,-108325,-112510,-145557,-166054,-194135,-188058,-180043,-183857,-203893,-3628,6647,-18021,-34500,-61105,-81753,-105330,-118722,-122269,-141988,-168712,-822,-18,-558,-691,-122,196,212,90,-43,-199,-416,12.499628212,12.279534342,12.238612173,12.068914908,12.177228256,12.001513117,11.787182541,11.718345881,11.453159105,11.35956331,7.7008469718,7.5183465299,7.7837597909,7.5795981148,7.8299697752,7.7164509171,7.9080321711,8.0103843975,8.3142537502,9.1547642112,4.7987812404,4.7611878125,4.454852382,4.4893167931,4.3472584803,4.2850622003,3.8791503697,3.707961483,3.1389053552,2.2047990991,4.4900913183,4.6221705463,3.9800157395,4.3000088671,4.2889538211,4.5200616323,3.5348241561,2.952326549,2.1467302894,1.8134579549,-4.148342166,-5.54456751,-5.740181654,-7.411267829,-8.448273897,-9.881224762,-9.587399924,-9.200431489,-9.426816757,-10.50997365,0.3417491526,-0.922396964,-1.760165915,-3.111258962,-4.159320076,-5.36116313,-6.052575768,-6.24810494,-7.280086468,-8.69651569
040,3,5,37,North Carolina,9535483,9535762,9574586,9658913,9751810,9846717,9937295,10037218,10161802,10275758,10391358,10501384,10600823,38824,84327,92897,94907,90578,99923,124584,113956,115600,110026,99439,29905,121039,119579,119380,120184,120819,121074,119793,120147,119140,118855,18643,79977,79531,84364,83529,88474,89243,92189,93730,95192,102921,11262,41062,40048,35016,36655,32345,31831,27604,26417,23948,15934,4867,10843,22624,20169,18908,22402,21565,21393,16207,16329,13387,20632,32211,29397,39006,34313,44814,70976,64769,72887,69731,70229,25499,43054,52021,59175,53221,67216,92541,86162,89094,86060,83616,2063,211,828,716,702,362,212,190,89,18,-111,12.586269404,12.320921792,12.182548209,12.149608482,12.097316215,11.988106354,11.72282797,11.626876241,11.404917555,11.264698522,8.3164274997,8.1945427793,8.6092184377,8.4440911176,8.8586890704,8.8363692892,9.0215270316,9.0704479522,9.1124468009,9.7545247281,4.2698419045,4.1263790123,3.5733297712,3.7055173642,3.2386271445,3.1517370645,2.7013009381,2.5564282893,2.2924707537,1.5101737937,1.1275119519,2.3310826701,2.0582159057,1.9114424314,2.2430584415,2.1352521063,2.0934984411,1.5683852551,1.5631265633,1.2687772421,3.3494685496,3.0289443624,3.9805032286,3.4687605325,4.487118159,7.0276676789,6.3382321569,7.05342729,6.6751410609,6.656081044,4.4769805016,5.3600270325,6.0387191344,5.3802029639,6.7301766006,9.1629197852,8.431730598,8.6218125451,8.2382676242,7.9248582861
040,2,4,38,North Dakota,672591,672575,674752,685526,702227,723149,738736,755537,756114,756755,760062,763724,765309,2177,10774,16701,20922,15587,16801,577,641,3307,3662,1585,2343,9211,9883,10272,10977,11399,11406,11076,10700,10506,10509,1493,6045,5934,6220,6204,6315,6143,6375,6454,6181,6738,850,3166,3949,4052,4773,5084,5263,4701,4246,4325,3771,468,1209,1295,1254,961,2247,1589,2875,1247,634,577,814,6333,11000,15125,9526,9301,-6316,-6975,-2196,-1282,-2766,1282,7542,12295,16379,10487,11548,-4727,-4100,-949,-648,-2189,45,66,457,491,327,169,41,40,10,-15,3,13.542819924,14.243168633,14.413039086,15.017597143,15.256917578,15.090784844,14.642378157,14.108491664,13.789337873,13.745942697,8.8878890933,8.5519541302,8.7275217206,8.4876717389,8.4522707698,8.1275373747,8.4276959869,8.5099257195,8.1126877396,8.813413445,4.6549308303,5.6912145029,5.6855173652,6.5299254045,6.8046468082,6.9632474692,6.2146821701,5.5985659443,5.6766501333,4.9325292521,1.7775778187,1.8663263563,1.7595357295,1.3147408996,3.0074825684,2.1023371135,3.8007256411,1.6442326266,0.8321378461,0.7547253722,9.3113319483,15.852965189,21.222470422,13.032488876,12.448863093,-8.356426186,-9.220890903,-2.895537168,-1.682650976,-3.617972928,11.088909767,17.719291545,22.982006151,14.347229775,15.456345661,-6.254089072,-5.420165262,-1.251304541,-0.85051313,-2.863247556
040,2,3,39,Ohio,11536504,11536763,11539449,11545735,11550971,11579692,11606573,11622315,11640060,11665706,11680892,11696507,11693217,2686,6286,5236,28721,26881,15742,17745,25646,15186,15615,-3290,34787,137935,137686,139117,139567,139571,138845,136676,136942,134059,133153,26546,110629,111350,114505,111892,118311,117583,122155,124094,120544,126835,8241,27306,26336,24612,27675,21260,21262,14521,12848,13515,6318,3507,15512,18352,24896,21553,25327,25041,20084,14101,15768,13303,-8704,-36486,-39051,-20077,-21319,-30228,-28200,-8612,-11486,-13711,-23146,-5197,-20974,-20699,4819,234,-4901,-3159,11472,2615,2057,-9843,-358,-46,-401,-710,-1028,-617,-358,-347,-277,43,235,11.950088854,11.922565928,12.028794851,12.038765191,12.017019497,11.937302189,11.728942958,11.731216685,11.469111683,11.385598223,9.5844157014,9.6420675745,9.9007105849,9.6515760516,10.186540139,10.109285918,10.482813566,10.630585236,10.312866714,10.84536098,2.3656731521,2.2804983533,2.1280842663,2.3871891398,1.8304793583,1.8280162709,1.2461293913,1.1006314496,1.1562449698,0.5402372426,1.3438922557,1.5891443568,2.152640415,1.8591178872,2.1806467877,2.1529186078,1.7235219816,1.2079704289,1.3489952411,1.1375080783,-3.16098845,-3.381521157,-1.735964075,-1.838933524,-2.602621357,-2.424515983,-0.739044578,-0.983954921,-1.173013302,-1.979159737,-1.817096195,-1.7923768,0.41667634,0.0201843635,-0.421974569,-0.271597376,0.9844774036,0.2240155075,0.1759819388,-0.841651659
040,3,7,40,Oklahoma,3751351,3751582,3760014,3788824,3819320,3853891,3879187,3910518,3928143,3933602,3943488,3960676,3980783,8432,28810,30496,34571,25296,31331,17625,5459,9886,17188,20107,13147,52564,52335,53322,53083,53501,53155,51123,50123,49382,49033,7876,37764,36978,38599,38612,39741,39291,40317,41531,40470,43466,5271,14800,15357,14723,14471,13760,13864,10806,8592,8912,5567,1295,7029,6906,5987,6760,9593,8011,4850,4875,3325,2821,1537,7003,8116,13615,4195,8037,-4150,-10152,-3530,4926,11682,2832,14032,15022,19602,10955,17630,3861,-5302,1345,8251,14503,329,-22,117,246,-130,-59,-100,-45,-51,25,37,13.926381782,13.757626039,13.898223312,13.728815357,13.73633533,13.56226529,13.005509591,12.726273281,12.495186082,12.348612516,10.00524849,9.7206362025,10.060716433,9.9861917855,10.203467269,10.024926451,10.256501578,10.544757011,10.240172142,10.946603137,3.9211332923,4.0369898362,3.8375068795,3.7426235711,3.5328680611,3.5373388389,2.7490080129,2.1815162706,2.2550139395,1.4020093789,1.8622733724,1.8154230519,1.5604940357,1.7483335872,2.4629944266,2.0439715405,1.2338227709,1.2377667387,0.8413286971,0.7104487979,1.855384895,2.1335032565,3.5487099208,1.0849496151,2.0634927767,-1.058854312,-2.582632736,-0.896270069,1.2464316277,2.9420286625,3.7176582674,3.9489263084,5.1092039565,2.8332832024,4.5264872033,0.9851172286,-1.348809965,0.3414966695,2.0877603248,3.6524774604
040,4,9,41,Oregon,3831074,3831083,3837614,3872672,3900102,3924110,3965447,4018542,4093271,4147294,4183538,4216116,4241507,6531,35058,27430,24008,41337,53095,74729,54023,36244,32578,25391,11877,45391,44921,45000,45471,45669,45655,44612,42925,42172,42070,7823,32496,32947,33416,33805,35389,35336,36822,36329,36504,39735,4054,12895,11974,11584,11666,10280,10319,7790,6596,5668,2335,1710,10740,4676,3706,7240,5616,13081,8316,3592,2272,1908,986,11431,10901,8781,22264,36911,51130,37826,26053,24649,21128,2696,22171,15577,12487,29504,42527,64211,46142,29645,26921,23036,-219,-8,-121,-63,167,288,199,91,3,-11,20,11.774141711,11.558550397,11.502755805,11.526882942,11.440146022,11.256423194,10.827412926,10.305093177,10.04136599,9.9484216783,8.4292593037,8.4775396789,8.5416908438,8.5695559332,8.8649921737,8.7122323949,8.936765865,8.7215778688,8.6917865903,9.3962570807,3.3448824077,3.0810107177,2.9610649609,2.9573270083,2.5751538485,2.5441907993,1.8906470612,1.583515308,1.3495793993,0.5521645975,2.7858888762,1.2031740534,0.9473158447,1.8353375228,1.4068155655,3.2251729669,2.0183082107,0.8623388396,0.540974664,0.4511906005,2.9651299576,2.8049188102,2.2445710827,5.6439163821,9.246255224,12.606306383,9.1804384772,6.2545973799,5.8690512728,4.9962028338,5.7510188338,4.0080928636,3.1918869274,7.4792539049,10.65307079,15.83147935,11.198746688,7.1169362196,6.4100259368,5.4473934343
040,1,2,42,Pennsylvania,12702379,12702891,12711406,12747052,12769123,12779538,12792392,12789838,12788468,12794679,12809107,12798883,12783254,8515,35646,22071,10415,12854,-2554,-1370,6211,14428,-10224,-15629,36111,142930,142104,141798,142223,141905,140389,137728,137444,134840,133740,30211,127734,125533,130942,126730,132748,129972,135728,135227,134010,143283,5900,15196,16571,10856,15493,9157,10417,2000,2217,830,-9543,5695,28385,26413,30378,35522,32725,38966,32239,32997,14722,14523,-1692,-7549,-19202,-29896,-36701,-43643,-50371,-27494,-20340,-25745,-20854,4003,20836,7211,482,-1179,-10918,-11405,4745,12657,-11023,-6331,-1388,-386,-1711,-923,-1460,-793,-382,-534,-446,-31,245,11.228488387,11.138346559,11.10022948,11.123368475,11.094028941,10.977192938,10.767088193,10.736224713,10.531088149,10.455733233,10.034700452,9.8394841703,10.250400207,9.9116492185,10.37814139,10.162674573,10.610735263,10.563047199,10.466264631,11.201800694,1.1937879348,1.2988623883,0.8498292729,1.2117192562,0.7158875516,0.8145183657,0.1563529303,0.1731775137,0.064823518,-0.746067461,2.2299072473,2.0702946268,2.3780502626,2.7782025056,2.5584165258,3.0468006755,2.5203310601,2.5775094355,1.1497973875,1.1354016281,-0.593044559,-1.50508452,-2.340318344,-2.870412988,-3.411977767,-3.938572007,-2.149383733,-1.588827527,-2.010700567,-1.630356369,1.6368626882,0.5652101069,0.0377319187,-0.092210482,-0.853561242,-0.891771332,0.3709473272,0.9886819082,-0.860903179,-0.494954741
040,1,1,44,Rhode Island,1052567,1052970,1053994,1053829,1054893,1055560,1056511,1056886,1057816,1056554,1059338,1058158,1057125,1024,-165,1064,667,951,375,930,-1262,2784,-1180,-1033,2871,10998,11006,10873,10726,10874,10975,10577,10737,10459,10447,2330,9755,9315,9631,9697,10077,9828,10043,10039,9996,10470,541,1243,1691,1242,1029,797,1147,534,698,463,-23,1704,4585,4507,3938,3607,4654,4242,2282,4631,1295,1193,-1171,-6005,-5087,-4474,-3574,-5027,-4436,-4048,-2522,-2950,-2234,533,-1420,-580,-536,33,-373,-194,-1766,2109,-1655,-1041,-50,12,-47,-39,-111,-49,-23,-30,-23,12,31,10.435411322,10.438549984,10.303948963,10.156855522,10.29054172,10.379713075,10.004871427,10.148911192,9.8786491214,9.8776381222,9.2559954038,8.8347349722,9.1269504699,9.182456461,9.5363057674,9.2949266611,9.4997564286,9.4891421679,9.4413401489,9.8993846213,1.1794159187,1.6038150121,1.1769984927,0.9743990614,0.7542359528,1.0847864144,0.5051149988,0.6597690241,0.4373089725,-0.021746499,4.3504601667,4.2746270016,3.7319002129,3.4156048731,4.4042837195,4.0119127896,2.1585625978,4.3773500727,1.2231428064,1.1279814569,-5.697821876,-4.824723221,-4.239848033,-3.384355924,-4.757269931,-4.195390178,-3.829036545,-2.383864583,-2.786309868,-2.112246919,-1.347361709,-0.550096219,-0.50794782,0.0312489495,-0.352986211,-0.183477388,-1.670473947,1.9934854898,-1.563167061,-0.984265462
040,3,5,45,South Carolina,4625364,4625358,4635846,4672655,4719027,4766469,4826858,4896006,4963031,5027102,5091702,5157702,5218040,10488,36809,46372,47442,60389,69148,67025,64071,64600,66000,60338,14175,57479,57551,56587,57314,58286,57856,56797,56970,56755,56554,9656,42032,42074,44670,44535,46871,47261,48802,50406,51436,55751,4519,15447,15477,11917,12779,11415,10595,7995,6564,5319,803,1382,3404,6470,5742,6936,7986,5811,6493,6869,7353,6023,4464,17887,23940,29302,39900,49197,50446,49430,51073,53390,53671,5846,21291,30410,35044,46836,57183,56257,55923,57942,60743,59694,123,71,485,481,774,550,173,153,94,-62,-159,12.349786502,12.255738642,11.931268539,11.948722273,11.989471415,11.736643244,11.37061939,11.260224034,11.0747903,10.901196271,9.0308847794,8.9598434019,9.418590235,9.2845787494,9.6413978433,9.5873461069,9.7700400986,9.9628375053,10.036876291,10.74641216,3.3189017222,3.2958952401,2.5126783038,2.6641435239,2.3480735717,2.1492971372,1.6005792916,1.2973865291,1.0379140094,0.1547841109,0.7313744716,1.3778149643,1.2106905111,1.4460051242,1.642725847,1.1788169575,1.2998825942,1.3576703334,1.4348151366,1.1609772101,3.8431536936,5.0981283225,6.1782747049,8.3182820725,10.119857688,10.233453835,9.8957641505,10.094671267,10.418166754,10.345476979,4.5745281652,6.4759432868,7.3889652159,9.7642871967,11.762583535,11.412270793,11.195646745,11.452341601,11.85298189,11.506454189
040,2,4,46,South Dakota,814180,814198,816193,823740,833859,842751,849670,854663,863693,873732,879386,887127,892717,1995,7547,10119,8892,6919,4993,9030,10039,5654,7741,5590,3030,11790,11896,12055,12436,12262,12223,12260,12148,11697,11686,1931,7287,7409,7279,7158,7742,7750,8075,7924,7455,7920,1099,4503,4487,4776,5278,4520,4473,4185,4224,4242,3766,198,1369,2242,228,1189,1734,3337,3846,638,2334,1856,685,1676,3287,3790,370,-1226,1240,2012,798,1160,-21,883,3045,5529,4018,1559,508,4577,5858,1436,3494,1835,13,-1,103,98,82,-35,-20,-4,-6,5,-11,14.3786362,14.353290512,14.380207681,14.696106938,14.389206804,14.226388478,14.112839403,13.858736263,13.243038687,13.131487928,8.8869484302,8.9394358949,8.6829972385,8.4588881844,9.0850790309,9.0202495874,9.2953652676,9.0398934926,8.4403567933,8.8996563744,5.4916877702,5.4138546174,5.6972104425,6.2372187535,5.3041277732,5.2061388909,4.8174741356,4.8188427704,4.8026818937,4.2318315538,1.6695804036,2.7051174621,0.2719773829,1.4050877412,2.0348136192,3.8839448869,4.4272414637,0.7278460434,2.6424939981,2.0855760392,2.0439859433,3.9659772961,4.5210275496,0.4372434518,-1.438685984,1.443239934,2.3160711973,0.9103779666,1.3133217814,-0.023597574,3.7135663469,6.6710947581,4.7930049326,1.842331193,0.5961276347,5.3271848208,6.743312661,1.63822401,3.9558157794,2.0619784655
040,3,6,47,Tennessee,6346105,6346281,6355518,6400298,6455752,6496943,6544617,6595354,6651277,6714748,6778180,6830325,6886834,9237,44780,55454,41191,47674,50737,55923,63471,63432,52145,56509,19682,78628,80323,80252,80448,81883,81477,80297,81500,80559,80474,14301,60184,60654,63481,63582,66114,66665,69118,70923,69815,73874,5381,18444,19669,16771,16866,15769,14812,11179,10577,10744,6600,1190,9350,8627,10586,8250,10702,8066,9540,10424,3777,3280,2835,16969,26758,13411,22183,24170,32993,42680,42418,37685,46732,4025,26319,35385,23997,30433,34872,41059,52220,52842,41462,50012,-169,17,400,423,375,96,52,72,13,-61,-103,12.328180338,12.495751028,12.391552492,12.337174387,12.463193412,12.301542936,12.0150905,12.080402415,11.83950772,11.733333411,9.4363230075,9.4358687155,9.8019755734,9.7506739991,10.063035908,10.065200729,10.342341871,10.512618166,10.260495183,10.771035023,2.89185733,3.0598823122,2.5895769182,2.586500388,2.4001575042,2.2363422066,1.6727486295,1.5677842496,1.5790125366,0.9622983885,1.4659979416,1.3420918556,1.634563309,1.2651860667,1.6289229253,1.2178190817,1.4274999486,1.5451057028,0.5550940386,0.4782331385,2.6605902751,4.1627093859,2.070765968,3.4018936385,3.678851346,4.9813420484,6.386341489,6.2874418362,5.5384481984,6.8136558015,4.1265882167,5.5048012414,3.705329277,4.6670797052,5.3077742713,6.1991611301,7.8138414375,7.832547539,6.093542237,7.29188894
040,3,7,48,Texas,25145561,25146072,25241897,25645504,26084120,26479646,26963092,27468531,27914064,28291024,28624564,28986794,29360759,95825,403607,438616,395526,483446,505439,445533,376960,333540,362230,373965,92798,381711,378107,384426,394317,402268,402564,389353,381430,377278,378318,41022,168142,169190,178641,180742,187833,188784,194127,202260,203427,220988,51776,213569,208917,205785,213575,214435,213780,195226,179170,173851,157330,14908,69106,84838,79571,106776,117265,110382,96215,69138,66791,54650,27943,120571,141603,107618,159828,172183,120979,84806,84638,121411,162299,42851,189677,226441,187189,266604,289448,231361,181021,153776,188202,216949,1198,361,3258,2552,3267,1556,392,713,594,177,-314,15.002180992,14.618586828,14.627034144,14.756616699,14.780672625,14.537563652,13.854724327,13.403357969,13.097347922,12.967741766,6.6083940895,6.5413195348,6.7971157166,6.763949856,6.9016130568,6.8174486948,6.9078087735,7.1073674931,7.062044953,7.5748849313,8.3937869022,8.0772672927,7.8299184271,7.9926668428,7.879059568,7.7201149567,6.9469155533,6.2959904763,6.0353029693,5.392856835,2.7160357433,3.2800547709,3.0275988977,3.9959030542,4.3087085608,3.9861620785,3.4237113907,2.4294926023,2.3186747308,1.8732576497,4.7387368044,5.4747353277,4.094759877,5.9812803753,6.3265796796,4.368845483,3.0177339105,2.9741588543,4.2148286107,5.5631810301,7.4547725477,8.7547900986,7.1223587747,9.9771834295,10.63528824,8.3550075615,6.4414453012,5.4036514566,6.5335033415,7.4364386798
040,4,8,49,Utah,2763885,2763891,2775413,2814797,2854146,2898773,2938327,2983626,3044241,3103540,3155153,3203383,3249879,11522,39384,39349,44627,39554,45299,60615,59299,51613,48230,46496,13749,51933,50438,51860,50825,50999,50845,49487,47581,47576,47611,3677,15011,15470,16268,16291,17263,17788,17856,18274,18011,19080,10072,36922,34968,35592,34534,33736,33057,31631,29307,29565,28531,1019,2900,5272,3545,5513,4148,7669,9255,6112,2616,2189,485,-393,-783,5591,-269,7612,19856,18362,16191,16004,15689,1504,2507,4489,9136,5244,11760,27525,27617,22303,18620,17878,-54,-45,-108,-101,-224,-197,33,51,3,45,87,18.57998179,17.794498904,18.029108354,17.414469514,17.223709813,16.869980708,16.099142113,15.204771987,14.964450937,14.755638311,5.3704601437,5.4578075666,5.6555637234,5.5818814137,5.830171229,5.9019218573,5.8089252041,5.8395578757,5.6651405292,5.9132885043,13.209521646,12.336691337,12.37354463,11.8325881,11.393538584,10.968058851,10.290216909,9.365214111,9.2993104073,8.842349807,1.0375281072,1.859958726,1.2324178387,1.8889517055,1.4008891999,2.5445153319,3.0108424487,1.9531234397,0.8228309158,0.6784165899,-0.140602947,-0.276241973,1.9437089241,-0.092169057,2.5707735269,6.5880683831,5.9735374438,5.173923693,5.0338631408,4.8623471354,0.8969251602,1.5837167528,3.1761267628,1.7967826489,3.9716627268,9.1325837149,8.9843798925,7.1270471327,5.8566940566,5.5407637254
040,1,1,50,Vermont,625741,625727,625886,627197,626361,626603,625693,625810,624366,625132,624802,624046,623347,159,1311,-836,242,-910,117,-1444,766,-330,-756,-699,1653,6057,6088,5985,6111,5978,5843,5750,5428,5448,5331,1326,5437,5459,5560,5602,5912,5812,6021,6004,5842,6129,327,620,629,425,509,66,31,-271,-576,-394,-798,109,1295,337,432,390,2251,758,1919,551,635,542,-217,-594,-1754,-536,-1721,-2162,-2216,-855,-285,-996,-462,-108,701,-1417,-104,-1331,89,-1458,1064,266,-361,80,-60,-10,-48,-79,-88,-38,-17,-27,-20,-1,19,9.6673564321,9.7131524828,9.5533471033,9.7596734318,9.5533130963,9.3474838743,9.2036962044,8.6852585817,8.7248408133,8.5474265127,8.6777970813,8.709608969,8.874955705,8.9467665791,9.4478399173,9.297890857,9.6374704081,9.6069072447,9.3558223259,9.8268949722,0.9895593508,1.0035435137,0.6783913983,0.8129068527,0.105473179,0.0495930173,-0.433774204,-0.921648663,-0.630981513,-1.279468459,2.0669021924,0.5376695773,0.6895649037,0.6228559382,3.597274637,1.2126292618,3.071633568,0.8816465509,1.0169372093,0.8690124123,-0.948061701,-2.798434536,-0.855571269,-2.748551461,-3.455045653,-3.54510085,-1.36854961,-0.456024078,-1.595070017,-0.740744898,1.1188404918,-2.260764959,-0.166006366,-2.125695522,0.1422289839,-2.332471588,1.7030839585,0.4256224729,-0.578132807,0.1282675147
040,3,5,51,Virginia,8001024,8001046,8024004,8102437,8187456,8255861,8315430,8367303,8417651,8471011,8510920,8556642,8590563,22958,78433,85019,68405,59569,51873,50348,53360,39909,45722,33921,25723,102350,102773,102491,102559,103221,104026,100149,100976,98870,98147,14652,60455,60213,63446,62616,65251,65337,67942,68844,70037,75821,11071,41895,42560,39045,39943,37970,38689,32207,32132,28833,22326,5990,23466,37768,26352,35428,39097,36646,33741,17189,25830,20721,5544,12941,4483,3111,-16114,-25347,-25020,-12510,-9321,-8892,-9130,11534,36407,42251,29463,19314,13750,11626,21231,7868,16938,11591,353,131,208,-103,312,153,33,-78,-91,-49,4,12.693439303,12.618007988,12.465976299,12.377913103,12.374591142,12.395148655,11.859909329,11.892169389,11.585720327,11.447579941,7.4976245534,7.3926820759,7.7169344847,7.5571661858,7.8225791901,7.7851866618,8.0458712478,8.1079118741,8.207030389,8.8435403904,5.1958147492,5.2253259122,4.7490418144,4.8207469171,4.5520119515,4.6099619933,3.8140380807,3.7842575146,3.3786899383,2.6040395505,2.9102515552,4.636985645,3.2051927236,4.2758286002,4.6871217084,4.3665296908,3.9956984159,2.0243869793,3.0267943365,2.4168370297,1.6049418467,0.5504026331,0.3783908076,-1.944809249,-3.038710744,-2.981241414,-1.481467271,-1.09775502,-1.041976587,-1.064896582,4.5151934019,5.1873882781,3.5835835312,2.3310193515,1.6484109648,1.3852882766,2.5142311451,0.9266319596,1.9848177496,1.3519404474
040,4,9,53,Washington,6724540,6724540,6743009,6827479,6898599,6966252,7057531,7167287,7299961,7427951,7526793,7614024,7693612,18469,84470,71120,67653,91279,109756,132674,127990,98842,87231,79588,22233,86692,86710,87251,87370,88779,90458,88947,86748,86235,86443,11846,49817,49429,51307,51279,53857,54714,56064,56834,58488,63769,10387,36875,37281,35944,36091,34922,35744,32883,29914,27747,22674,6084,20171,22202,19729,30898,33108,29102,30495,23605,23434,18301,2299,27355,11986,11979,24414,41636,67588,64346,45220,35962,38473,8383,47526,34188,31708,55312,74744,96690,94841,68825,59396,56774,-301,69,-349,1,-124,90,240,266,103,88,140,12.77654864,12.634344639,12.585926816,12.460261258,12.482268666,12.505211772,12.078697917,11.601402204,11.391062979,11.294101846,7.3419614682,7.2022029891,7.4010171476,7.3131479573,7.5722585695,7.5638435174,7.6132991561,7.6007987833,7.7258710676,8.3316587878,5.4345871718,5.4321416504,5.1849096683,5.1471133003,4.9100100964,4.9413682547,4.4653987612,4.0006034206,3.6651919114,2.9624430578,2.97277445,3.2350100298,2.8459014814,4.4065142765,4.6549628965,4.0231563045,4.1411165412,3.1568577837,3.0954736458,2.3910942225,4.031542565,1.7464566353,1.7279666402,3.4817994545,5.8539940546,9.3435876678,8.7379663865,6.0475792832,4.7503381092,5.0266416055,7.004317015,4.9814666651,4.5738681216,7.888313731,10.508956951,13.366743972,12.879082928,9.2044370669,7.8458117551,7.4177358281
040,3,5,54,West Virginia,1852994,1853008,1854265,1856606,1857446,1854768,1850569,1843332,1832435,1818683,1805953,1795263,1784787,1257,2341,840,-2678,-4199,-7237,-10897,-13752,-12730,-10690,-10476,5100,20469,20687,20938,20575,20089,19342,18952,18589,17839,17571,5227,21901,21496,22249,21654,22757,22458,23139,23625,22767,24297,-127,-1432,-809,-1311,-1079,-2668,-3116,-4187,-5036,-4928,-6726,124,2133,1133,885,1238,1476,1290,592,54,1185,996,1317,1665,662,-2158,-4298,-5989,-9056,-10139,-7734,-6929,-4742,1441,3798,1795,-1273,-3060,-4513,-7766,-9547,-7680,-5744,-3746,-57,-25,-146,-94,-60,-56,-15,-18,-14,-18,-4,11.031911376,11.1398548,11.280599664,11.10560254,10.87684808,10.524062053,10.381477673,10.257029947,9.9072091205,9.8160640215,11.803697838,11.575497597,11.986916703,11.688005706,12.321391396,12.219490517,12.675021733,13.035791732,12.64406245,13.573553442,-0.771786462,-0.435642797,-0.706317039,-0.582403166,-1.444543316,-1.695428464,-2.29354406,-2.778761785,-2.73685333,-3.757489421,1.1495953376,0.6101153134,0.4768044084,0.6682253193,0.7991551479,0.7018943257,0.3242842329,0.0297960954,0.658111038,0.5564168098,0.8973634492,0.3564839695,-1.16264849,-2.319896949,-3.242642399,-4.927406987,-5.553915267,-4.267462995,-3.848144627,-2.649125012,2.0469587868,0.9665992829,-0.685844081,-1.651671629,-2.443487251,-4.225512662,-5.229631034,-4.2376669,-3.190033589,-2.092708202
040,2,3,55,Wisconsin,5686986,5687285,5690538,5705840,5720825,5738012,5753199,5762927,5775170,5793147,5809319,5824581,5832655,3253,15302,14985,17187,15187,9728,12243,17977,16172,15262,8074,17549,67784,67672,66899,67101,67155,66843,65869,64434,63774,63122,11771,48473,47867,50034,49332,51257,51341,52407,53500,51828,54407,5778,19311,19805,16865,17769,15898,15502,13462,10934,11946,8715,1244,4390,6073,8235,7986,9310,8141,8239,6011,4466,4287,-3448,-8323,-10533,-7471,-10005,-15148,-11257,-3512,-653,-1182,-5055,-2204,-3933,-4460,764,-2019,-5838,-3116,4727,5358,3284,-768,-321,-76,-360,-442,-563,-332,-143,-212,-120,32,127,11.895709321,11.844575823,11.676403111,11.678664677,11.66277618,11.586486056,11.387827633,11.106949161,10.963477424,10.829668371,8.5067378425,8.3781225756,8.7328234096,8.5860402354,8.9017782542,8.899387828,9.0604363625,9.2221774233,8.9098238768,9.3344597296,3.3889714785,3.4664532477,2.9435797018,3.0926244414,2.7609979259,2.6870982277,2.3273912705,1.8847717373,2.053653547,1.4952086412,0.770420216,1.0629523137,1.4373186389,1.3899318357,1.6168631708,1.4111512496,1.4244077164,1.0361590372,0.7677562984,0.735508829,-1.460639512,-1.843582533,-1.303971773,-1.741330831,-2.630745791,-1.951274981,-0.607175616,-0.112562278,-0.203199271,-0.867272482,-0.690219296,-0.780630219,0.1333468658,-0.351398995,-1.01388262,-0.540123731,0.8172321004,0.9235967595,0.5645570273,-0.131763653
040,4,8,56,Wyoming,563626,563775,564531,567491,576656,582620,583159,586389,585243,579994,579054,580116,582328,756,2960,9165,5964,539,3230,-1146,-5249,-940,1062,2212,1986,7469,7439,7520,7723,7800,7706,7046,6762,6406,6367,1289,4444,4372,4613,4528,4821,4790,4753,4867,4994,5464,697,3025,3067,2907,3195,2979,2916,2293,1895,1412,903,219,-85,609,594,-127,860,530,795,708,173,174,-229,20,5272,2353,-2560,-598,-4609,-8372,-3549,-521,1129,-10,-65,5881,2947,-2687,262,-4079,-7577,-2841,-348,1303,69,0,217,110,31,-11,17,35,6,-2,6,13.195856618,13.003573841,12.973614566,13.249509555,13.338486321,13.154301009,12.09367708,11.668196658,11.052736009,10.954506196,7.8514375162,7.6423746249,7.9584154248,7.7681962019,8.2442105839,8.1766288391,8.1579970427,8.398271685,8.6165100891,9.4008829673,5.3444191014,5.3611992165,5.0151991415,5.4813133536,5.0942757373,4.9776721701,3.9356800376,3.2699249729,2.4362259203,1.5536232283,-0.15017376,1.0645485239,1.0247775336,-0.217880061,1.47065362,0.9047209363,1.364529276,1.2216922854,0.2984894364,0.2993692599,0.0353350023,9.2155990445,4.0594301961,-4.391913047,-1.022617285,-7.867658104,-14.36960893,-6.123991414,-0.898919054,1.9424591636,-0.114838758,10.280147568,5.0842077297,-4.609793108,0.4480363354,-6.962937168,-13.00507965,-4.902299128,-0.600429618,2.2418284236
040,X,X,72,Puerto Rico,3725789,3726157,3721525,3678732,3634488,3593077,3534874,3473232,3406672,3325284,3193344,3193553,3159343,-4632,-42793,-44244,-41411,-58203,-61642,-66560,-81388,-131940,209,-34210,9603,41243,40282,37871,35717,32967,30109,26233,22151,21503,19996,7138,30260,29742,29399,28831,29852,28391,29433,30692,29027,27959,2465,10983,10540,8472,6886,3115,1718,-3200,-8541,-7524,-7963,-7097,-53776,-54784,-49883,-65089,-64757,-68278,-78188,-123399,7733,-26247,0,0,0,0,0,0,0,0,0,0,0,-7097,-53776,-54784,-49883,-65089,-64757,-68278,-78188,-123399,7733,-26247,0,0,0,0,0,0,0,0,0,0,0,11.146369646,11.016214472,10.47960136,10.02167383,9.4082481058,8.7527384103,7.7935744084,6.7962153999,6.7334732343,6.2950818021,8.1780943554,8.1337632397,8.1352433358,8.0895617829,8.5192775338,8.2533128369,8.7442639257,9.4167054785,9.0895469271,8.8019699992,2.968275291,2.8824512322,2.3443580238,1.9321120473,0.8889705721,0.4994255734,-0.950689517,-2.620490079,-2.356073693,-2.506888197,-14.53354931,-14.98218295,-13.80354241,-18.26303239,-18.48059947,-19.84853277,-23.22890999,-37.86042094,2.4215201842,-8.263003204,0,0,0,0,0,0,0,0,0,0,-14.53354931,-14.98218295,-13.80354241,-18.26303239,-18.48059947,-19.84853277,-23.22890999,-37.86042094,2.4215201842,-8.263003204
